ORGANIZACION_POLITICA,CARGO_AUTORIDAD,NOMBRES,APELLIDOS,NOMBRE_CENTRO,NOMBRE_CARRERA,FECHAS
ACCION POPULAR,CONGRESISTA,AMELIA HILDA,CELIS SOTO,"I.S.T ""Daniel Alcides Carrion""",ENFERMERÍA TECNICA,1986 - 1988
ACCION POPULAR,CONGRESISTA,ARMANDO,VILLANUEVA MERCADO,ESEP TUPAC AMARU,ELECTRICIDAD Y ELECTRONICA,1975 - 1977
ACCION POPULAR,CONGRESISTA,BALTAZAR,LANTARON NUÑEZ,ISP LA SALLLE DE ABANCAY,EDUCACION PRIMARIA,1981 - 1984
ACCION POPULAR,CONGRESISTA,CARLOS,CCANAHUIRE LAURA,000,000,2015 - 2015
ACCION POPULAR,CONGRESISTA,CARMELA TEODORA,APOLAYA HIDALGO ,I.S.T. DE CAÑETE,CONTABILIDAD,1985 - 1989
ACCION POPULAR,CONGRESISTA,CARMELA TEODORA,APOLAYA HIDALGO ,CENECAPE CONDORAY,SECRETARIADO COMERCIAL - BASICO,1983 - 1983
ACCION POPULAR,CONGRESISTA,CARMELA TEODORA,APOLAYA HIDALGO ,CENECAPE AUGUSTO SALAZAR BONDY,AUXILIAR DE CONTABILIDAD,1982 - 1982
ACCION POPULAR,CONGRESISTA,CESAR GILMER,MENDOZA MENDOZA,I.S.T.E. Erasmo Avellano,Explotación de Minas ,1988 - 1990
ACCION POPULAR,CONGRESISTA,EDWIN JAVIER,MARTINEZ CONCHA,IPSIPRODA,ANALISTA DE SISTEMAS,1992 - 1997
ACCION POPULAR,CONGRESISTA,ELENA VICTORIA,OLSSON NAVARRO,Idiomas y Comercio Brown,Secretariado - Bilingue,1974 - 1977
ACCION POPULAR,CONGRESISTA,ELIAS ROBERTO,BARZOLA BARZOLA,PNP,PNP INVESTIGACION CRIMINAL,1992 - 1993
ACCION POPULAR,CONGRESISTA,GLORIA ESTHER,CHIROQUE QUIÑONES,INC Nº 40,CONTABILIDAD,1966 - 1971
ACCION POPULAR,CONGRESISTA,JANETH,QUISPE PAITAN,ISTITUTO SUPERIOR TECNOLOGICO PUBLICO DE HUANCAVELICA,TECNICO EN COMPUTACION E INFORMATICA,2001 - 2003
ACCION POPULAR,CONGRESISTA,JOSE FELIX,ROMAN FERREYRA,CEO POLITECNICA SALESIANO,MECANICA PRODUCCION,1982 - 1985
ACCION POPULAR,CONGRESISTA,JOSE FELIX,ROMAN FERREYRA,CEO POLITECNICO SALESIANO,INST. ELECTRICAS INDUSTRIALES,1981 - 1984
ACCION POPULAR,CONGRESISTA,JOSE HUGUIER,SANCHEZ CHAVEZ,I.S. TECNOLOGICO HUANTA,TECNICO EN ELECTRICIDAD,1987 - 1990
ACCION POPULAR,CONGRESISTA,JUAN CARLOS,RUIZ SALDAÑA,APEPROSE,PRODUCTOR DE SEGUROS,1989 - 1989
ACCION POPULAR,CONGRESISTA,JUAN CARLOS,RUIZ SALDAÑA,INSTITUTO SUPERIOR TECNOLOGICO EN SEGUROS,SEGUROS,1994 - 1995
ACCION POPULAR,CONGRESISTA,JUAN MARIANO,NAVARRO PANDO,VICTORIA UNIVERSITY OF WELINGTON,ENGLISH LANGUAGE TRAINING PROJECT FOR PERUVIAN OFFICIALS,2006 - 2006
ACCION POPULAR,CONGRESISTA,JUAN MARIANO,NAVARRO PANDO,NIVEL PRE INTERMEDIO,EUROIDIOMAS,2007 - 2007
ACCION POPULAR,CONGRESISTA,KELLY AMANDA,SOTO ENRIQUEZ,00,00,2015 - 2015
ACCION POPULAR,CONGRESISTA,LUIS ANGEL,ARAGON CARREÑO,000,000,2015 - 2015
ACCION POPULAR,CONGRESISTA,LUIS HUMBERTO,SIME BALLADARES,Universidad Católica Santo Toribio de Mogrovejo,Administración,2015 - 2015
ACCION POPULAR,CONGRESISTA,LUIS HUMBERTO,SIME BALLADARES,Universidad Corporativa del Banco de la Nación,Inducción y Formación Bancaria,2009 - 2009
ACCION POPULAR,CONGRESISTA,LUIS HUMBERTO,SIME BALLADARES,Universidad Corporativa del Banco de la Nación,Modalidades de Fraude,2010 - 2010
ACCION POPULAR,CONGRESISTA,LUIS HUMBERTO,SIME BALLADARES,Instituto Superior de Banca y FInanzas,Ofimática,2015 - 2015
ACCION POPULAR,CONGRESISTA,MARIA LOURDES,LLANO FLORES,ESER - ODEC - PUNO,RELIGION,1986 - 1988
ACCION POPULAR,CONGRESISTA,MARIO,ACOSTA QUISPE,I.S.P. Víctor Alvarez Huapaya,Área de Contabilidad,1983 - 1987
ACCION POPULAR,CONGRESISTA,NORMA DEL ROCIO,CAVASSA YSLA,SISTED A/SISTEMA AMAUTA,SECRETARIA EJECUTIVA,1987 - 1989
ACCION POPULAR,CONGRESISTA,NORMA JUDITH,TORRES LOZANO,Instituto Superior Tecnológico ,Enfermera Técnica ,1997 - 1999
ACCION POPULAR,CONGRESISTA,NORMA TEODORA MARIA,MARTINEZ CASTILLO,UNIV INCA GARCILASO DE LA VEGA,ADMINISTRACION EN TURISMO Y HOTELERIA,1995 - 1996
ACCION POPULAR,CONGRESISTA,NORMA TEODORA MARIA,MARTINEZ CASTILLO,INSTITUTO SAN JORGE DE SAN ISIDRO,SECRETARIADO EJECUTIVO BILINGUE,1974 - 1975
ACCION POPULAR,CONGRESISTA,OLGA,MOREANO VARGAS,"UP "" INCA GARCILASO DE LA VEGA"" ",SECRETARIADO EJECUTIVO ,1978 - 1981
ACCION POPULAR,CONGRESISTA,OLGA,MOREANO VARGAS,CENECAPE SAN ISIDRO,MECANOGRAFÍA,1980 - 1981
ACCION POPULAR,CONGRESISTA,PAUL GABRIEL,GARCIA OVIEDO,IPAE,Marketing y Gestión Empresarial,2012 - 2012
ACCION POPULAR,CONGRESISTA,PEDRO ANTONIO,MORALES MANSILLA,JAIME BAUSATE Y MESA,EXPERTO EN RELACIONES PUBLICAS,1971 - 1972
ACCION POPULAR,CONGRESISTA,RICARDO,LADERA SUZUKI,Senati,Mecanica  Automotriz y Mediciones ,1988 - 1988
ACCION POPULAR,CONGRESISTA,RICARDO,LADERA SUZUKI,Escuela de Aviacion Civil del Peru,Piloto Civil,1975 - 1978
ACCION POPULAR,CONGRESISTA,RICARDO,LADERA SUZUKI,EBA kogyo Toyota Autopartes Mie Ken,Operador Instructor de Tornos Fresadores Verticales ,2007 - 2008
ACCION POPULAR,CONGRESISTA,RICARDO,LADERA SUZUKI,CENTRO DE CAPACITACION NACIONAL DE MIE KEN ,Operador de Gruas y montacargas ,2007 - 2007
ACCION POPULAR,CONGRESISTA,SHANDE ROSSANA,VIDAL LAU DE KOLLE,Universidad Nacional de Trujillo ,Calidad ISO 9001,2014 - 2015
ACCION POPULAR,CONGRESISTA,SHANDE ROSSANA,VIDAL LAU DE KOLLE,SENSICO ,Arquitectura ,2013 - 2013
ACCION POPULAR,CONGRESISTA,SHEILLAH MARIA MILAGROS,MIÑANO BAUTISTA,CEOGNE JORGE BASADRE GROHMANN,SECRETARIADO EJECUTIVO COMPUTARIZADO ,1994 - 1995
ACCION POPULAR,CONGRESISTA,SHEILLAH MARIA MILAGROS,MIÑANO BAUTISTA,I.S.T.P FRANCISCO DE PAULA  GONZALES VIGIL,CONTABILIDAD,1994 - 1995
ACCION POPULAR,CONGRESISTA,VICTOR,LEON LEON,IST. FEDERICO VILLARREAL,CONTABILIDAD,1983 - 1985
ALIANZA ELECTORAL SOLIDARIDAD NACIONAL - UPP,CONGRESISTA,AGUSTINA CARMELA,TORRES RODRIGUEZ,CENTRO EDUCATIVO BASE SANTA ISABEL HUANCAYO,SECUNDARIA COMERCIAL,1971 - 1975
ALIANZA ELECTORAL SOLIDARIDAD NACIONAL - UPP,CONGRESISTA,ARLES,OGOSI HUAMANI,Instituto tecnológico Victor Alvarez Guapaya,Contabilidad,1989 - 1990
ALIANZA ELECTORAL SOLIDARIDAD NACIONAL - UPP,CONGRESISTA,DAISY SADID,REVATTA OLANO,Instituto Superior Tecnológico Privado Señor de Luren,Idioma Inglés,2005 - 2009
ALIANZA ELECTORAL SOLIDARIDAD NACIONAL - UPP,CONGRESISTA,DEYANIRA,FARFAN CHAUCA,Instituto Pedagógico Nuestra Señora de Lourdes,Educación Primaria,1994 - 1999
ALIANZA ELECTORAL SOLIDARIDAD NACIONAL - UPP,CONGRESISTA,FERNANDO,AZAÑERO SANDOVAL ,EDUCACION PRIMARIA,INSTITUCION SUPERIOR PEDAGOCICO PRIVADO NELSON ROCKEFELLER,2000 - 2004
ALIANZA ELECTORAL SOLIDARIDAD NACIONAL - UPP,CONGRESISTA,GUISSELLA AYDE,COLLANTES VÁSQUEZ,INSTITUTO SUPERIOR TECNOLOGICO PUBLICO BAGUA,SECRETARIADO EJECUTIVO,1997 - 1999
ALIANZA ELECTORAL SOLIDARIDAD NACIONAL - UPP,CONGRESISTA,HECTOR SIMON,MAQUERA CHAVEZ,IST FRANCISCO DE PAULA GONZALEZ VIGIL,ELECTRICIDAD,1985 - 1987
ALIANZA ELECTORAL SOLIDARIDAD NACIONAL - UPP,CONGRESISTA,JAIRO,DEL AGUILA RODRIGUEZ,CENTRO DE ESTUDIOS TÉCNICO NAVAL,ELECTRICIDAD,1977 - 1981
ALIANZA ELECTORAL SOLIDARIDAD NACIONAL - UPP,CONGRESISTA,JOSE EDILBERTO,SANTISTEBAN GRANADOS,SENATI,CONTROL DE MAQUINARIAS Y PROCESOS INDUSTRIALES,2002 - 2004
ALIANZA ELECTORAL SOLIDARIDAD NACIONAL - UPP,CONGRESISTA,JOSE ROMULO,VASQUEZ DIAZ,LUIS BANCHERO ROSSI,CONTABILIDAD,1976 - 1979
ALIANZA ELECTORAL SOLIDARIDAD NACIONAL - UPP,CONGRESISTA,JUAN DAVID,PERRY CRUZ,C.E.O.P MI FAMILIA,CONSEJERÍA FAMILIAR,2001 - 2002
ALIANZA ELECTORAL SOLIDARIDAD NACIONAL - UPP,CONGRESISTA,JUAN DAVID,PERRY CRUZ,CENTRO DE FAMILIA,CONSEJERÍA FAMILIAR,2001 - 0
ALIANZA ELECTORAL SOLIDARIDAD NACIONAL - UPP,CONGRESISTA,JUAN HILMER,GONZALES SANDOVAL ,INSTITUTO SUPERIOR CERVANTES,CONTABILIDAD MERCANTIL,1975 - 1975
ALIANZA ELECTORAL SOLIDARIDAD NACIONAL - UPP,CONGRESISTA,JULIO CESAR,PARIONA HUAMAN,INSTITUTO SUPERIOR TECNOLÓGICO PUBLICO ARGENTINO,CONTABILIDAD,2011 - 2013
ALIANZA ELECTORAL SOLIDARIDAD NACIONAL - UPP,CONGRESISTA,LEONARDA LUZGARDA,COARITE LAURA,ISP. JOSE JIMENEZ BORJA,EDUCACION PRIMARIA,1992 - 1997
ALIANZA ELECTORAL SOLIDARIDAD NACIONAL - UPP,CONGRESISTA,LUIS ALBERTO,SIESQUEN CHAPOÑAN,SENATI,ELECTRICIDAD AUTOMOTRIZ,2001 - 2003
ALIANZA ELECTORAL SOLIDARIDAD NACIONAL - UPP,CONGRESISTA,LUIS ALBERTO,MATOS DEL POZO ,SENATI,MECÁNICA DE TORNO,1975 - 1977
ALIANZA ELECTORAL SOLIDARIDAD NACIONAL - UPP,CONGRESISTA,MANUEL,SANGAMA MURAYARI,UNIVERSIDAD NACIONAL DANIEL ALCIRES CARRION,ADMINISTRACION Y GESTION PUBLICA,2014 - 2015
ALIANZA ELECTORAL SOLIDARIDAD NACIONAL - UPP,CONGRESISTA,MANUELA GEORGINA,CASHU SANCHEZ,CONTADORES ASOCIADOS,SECRETARIADO EJECUTIVO,1993 - 1993
ALIANZA ELECTORAL SOLIDARIDAD NACIONAL - UPP,CONGRESISTA,MARCIA,MONTERO LARA,"ESCUELA DE ENFERMERIA ""DANIEL A. CARRION""",ENFERMERIA,1966 - 1969
ALIANZA ELECTORAL SOLIDARIDAD NACIONAL - UPP,CONGRESISTA,MARIA DEL CARMEN,KOC ZEBALLOS,IST Luis E. Valcarcel,Contabilidad,1997 - 1999
ALIANZA ELECTORAL SOLIDARIDAD NACIONAL - UPP,CONGRESISTA,MARIA DEL CARMEN,KOC ZEBALLOS,IST Luis E. Valcarcel,Computación e Informática,2001 - 2004
ALIANZA ELECTORAL SOLIDARIDAD NACIONAL - UPP,CONGRESISTA,MARIANA IRIS,LOZANO TOTE,INSTITUTO TECNOLÓGICO PRIVADO TELESUP,CONTABILIDAD,2010 - 2013
ALIANZA ELECTORAL SOLIDARIDAD NACIONAL - UPP,CONGRESISTA,OBDULIA,PRADA TELLO,SENATI,COMPUTACION,1995 - 1996
ALIANZA ELECTORAL SOLIDARIDAD NACIONAL - UPP,CONGRESISTA,OLINDA VISENTA,ARMAS VICHARRA,INSTITUTO SUPERIOR TECNOLOGICO,CONTABILIDAD EMPRESARIAL,1982 - 1983
ALIANZA ELECTORAL SOLIDARIDAD NACIONAL - UPP,CONGRESISTA,ORESTES POMPEYO,SANCHEZ LUIS ,INSTITUTO Nº 50 - RAMÓN CASTILLA INS. 0011-C/B. BH,CONTABILIDAD,1975 - 1979
ALIANZA ELECTORAL SOLIDARIDAD NACIONAL - UPP,CONGRESISTA,OSCAR,CORDOVA BASILIO,CENTRO SUPERIOR DE COMPUTACION E INFORMATICA DUVAL SISTEM,COMPUTACION E INFORMATICA,2006 - 2006
ALIANZA ELECTORAL SOLIDARIDAD NACIONAL - UPP,CONGRESISTA,OSCAR,CORDOVA BASILIO,COMPUTACIÓN E INFORMÁTICA ,COMPUTACIÓN INFORMÁTICA ,2006 - 2006
ALIANZA ELECTORAL SOLIDARIDAD NACIONAL - UPP,CONGRESISTA,OSWALDO,HERNANDEZ ORMEÑO ,CEDDAL,Diplomado,2008 - 2008
ALIANZA ELECTORAL SOLIDARIDAD NACIONAL - UPP,CONGRESISTA,OSWALDO,HERNANDEZ ORMEÑO ,Instituto Nacional N° 52,Contabilidad,1979 - 1980
ALIANZA ELECTORAL SOLIDARIDAD NACIONAL - UPP,CONGRESISTA,PORFIRIO,VARGAS QUISPE,E.S.M.A. SIMON BOLIVAR,21 DE SEPTIEMBRE / 2009,2009 - 2010
ALIANZA ELECTORAL SOLIDARIDAD NACIONAL - UPP,CONGRESISTA,PORFIRIO,VARGAS QUISPE,E.S.M.A. SIMON BOLIVAR,16 DE JUNIO,2008 - 2009
ALIANZA ELECTORAL SOLIDARIDAD NACIONAL - UPP,CONGRESISTA,RODOLFO ALLEM,ROJAS VILLANUEVA,Instituto Italiano de Cultura,Idioma Italiano,1999 - 1999
ALIANZA ELECTORAL SOLIDARIDAD NACIONAL - UPP,CONGRESISTA,RODOLFO ALLEM,ROJAS VILLANUEVA,Alianza Francesa,Frances,1993 - 1997
ALIANZA ELECTORAL SOLIDARIDAD NACIONAL - UPP,CONGRESISTA,RODOLFO ALLEM,ROJAS VILLANUEVA,IPCNA,Ingles,1997 - 2007
ALIANZA ELECTORAL SOLIDARIDAD NACIONAL - UPP,CONGRESISTA,RODOLFO ALLEM,ROJAS VILLANUEVA,Alianza Francesa,Diplome de Hautes Etudes,1994 - 1996
ALIANZA ELECTORAL SOLIDARIDAD NACIONAL - UPP,CONGRESISTA,SOLEDAD MARITZA,MUCHA MATEO,INSTITUTO SUPERIOR TECNOLÓGICO PUBLICO SAUSA,ENFERMERIA,2005 - 2007
ALIANZA ELECTORAL SOLIDARIDAD NACIONAL - UPP,CONGRESISTA,WARNER ELMO,LLALLICO HUANCAYA ,ESCUEL DE SUB-OFICIALES,ADMINISTRACION POLICIAL,1991 - 1992
ALIANZA PARA EL PROGRESO DEL PERU,CONGRESISTA,ARMANDO SIGIFREDO,SANDOVAL ROSALES ,INSTITUTO SUPERIOR TECNOLOGICO DEL NORTE,COMPUTACION E INFORMATICA,1986 - 1989
ALIANZA PARA EL PROGRESO DEL PERU,CONGRESISTA,BARBARA ALESSANDRA,VENTURA CASTILLO ,INSTITUTO SUPERIOR TECNOLOGICO PRIVADO AMAUTA,TECNICA DE ADMINISTRACION DE EMPRESAS,2003 - 2006
ALIANZA PARA EL PROGRESO DEL PERU,CONGRESISTA,BENIGNO TEOFILO,CORNEJO VALENCIA ,ESEP MILITAR FRANCISCO BOLOGNESI,ECONOMIA Y ADMINISTRACION,1978 - 1980
ALIANZA PARA EL PROGRESO DEL PERU,CONGRESISTA,BETTY,CHAMORRO BALVIN ,ISP TEODORO PEÑALOZA,HISTORIA Y GEOGRAFIA,1989 - 1993
ALIANZA PARA EL PROGRESO DEL PERU,CONGRESISTA,CARLOS HUMBERTO,SAMPEN FERNANDEZ ,ESCUELA TÉCNICA DEL EJÉRCITO,MECÁNICO DE ARMAMENTO,1976 - 1978
ALIANZA PARA EL PROGRESO DEL PERU,CONGRESISTA,DINA IRENE,HANCCO HANCCO ,INSTITUTO SUPERIOR PEDAGÓGICO DE AZANGARO,EDUCACIÓN PRIMARIA,1991 - 1996
ALIANZA PARA EL PROGRESO DEL PERU,CONGRESISTA,EDWIN SANTIAGO,SIFUENTES CHAVEZ ,INSTITUTO DE FORMACIÓN Y ASESORAMIENTO PROFESIONAL,ADMINISTRACIÓN DE SEGURIDAD INTEGRAL,2002 - 2002
ALIANZA PARA EL PROGRESO DEL PERU,CONGRESISTA,EDWIN SANTIAGO,SIFUENTES CHAVEZ ,INSTITUTO DE FORMACIÓN Y ASESORAMIENTO PROFESIONAL,WINDOWS - OFFICE,2003 - 0
ALIANZA PARA EL PROGRESO DEL PERU,CONGRESISTA,ELISA,PAITA BERROSPI ,"I.S.P. ""GAMANIEL BLANCO MURILLO""",EDUCACION FISICA,1988 - 1992
ALIANZA PARA EL PROGRESO DEL PERU,CONGRESISTA,FLOR DE MARIA,SANCHEZ AGUILAR ,"CENTRO DE CAPACITACION TECNICO EMPRESARIAL ""SIMON BOLIVAR""",SECRETARIADO EJECUTIVO,1987 - 1988
ALIANZA PARA EL PROGRESO DEL PERU,CONGRESISTA,FREDDY ALVARO,VRACKO METZGER ,CEPSCON,CONCILIACION EXTRAJUDICIAL,2002 - 2002
ALIANZA PARA EL PROGRESO DEL PERU,CONGRESISTA,GICELLA JACQUELINE,SANTOYO DELGADO ,UNIVERSIDAD PEDRO RUIZ GALLO,NUEVOS VALORES PARA EL BUEN GOBIERNO CON DEMOCRACIA Y EQUIDAD DE GENERO,2011 - 2011
ALIANZA PARA EL PROGRESO DEL PERU,CONGRESISTA,GICELLA JACQUELINE,SANTOYO DELGADO ,UNIVERSIDAD SAN MARTIN DE PORRES,OBSTETRICIA TECNICA,1990 - 1991
ALIANZA PARA EL PROGRESO DEL PERU,CONGRESISTA,GLADYS NATALIE,CONDORI JAHUIRA ,I.S.T.P. CESCA,COMPUTACION E INFORMATICA,1992 - 1995
ALIANZA PARA EL PROGRESO DEL PERU,CONGRESISTA,JORGE ALONZO,RODRIGUEZ LAZARO ,INSTITUTO SUPERIOR TECNOLOGICO DEL NORTE,COMPUTACION E INFORMATICA,1989 - 1992
ALIANZA PARA EL PROGRESO DEL PERU,CONGRESISTA,JORGE FELIX,RENGIFO HERRERA,PROFESOR EDUCIACION SECUNDARIA,INSTITUTO PEDAGOGICO NACIONAL MONTERRICO,1984 - 1989
ALIANZA PARA EL PROGRESO DEL PERU,CONGRESISTA,JULIO EUSEBIO,FLORES PASCAJA ,EDUCACIÓN FÍSICA,PROFESOR EDUCACIÓN FÍSICA,2002 - 2006
ALIANZA PARA EL PROGRESO DEL PERU,CONGRESISTA,JULIO EUSEBIO,FLORES PASCAJA ,SENATI,MECANICA AUTOMOTRÍZ,1984 - 1986
ALIANZA PARA EL PROGRESO DEL PERU,CONGRESISTA,JULIO PABLO,ROSAS HUARANGA,INSTITUTO TEOLOGICO ALIANZA,TEOLOGIA,1977 - 1979
ALIANZA PARA EL PROGRESO DEL PERU,CONGRESISTA,LILIA,VARGAS CESPEDES ,"C.E.O. NO ESTATAL ""SABELL""",TRATAMIENTO DE CABELLO,1987 - 1988
ALIANZA PARA EL PROGRESO DEL PERU,CONGRESISTA,LUZ REBECA,CRUZ TEVEZ ,CETPRO EL PACIFICO,COMPUTACION E INFORMATICA,2011 - 2011
ALIANZA PARA EL PROGRESO DEL PERU,CONGRESISTA,MANUEL SILVERIO,YTO SEGUIL ,ADEX,COMERCIO EXTERIOR,1981 - 1981
ALIANZA PARA EL PROGRESO DEL PERU,CONGRESISTA,MARIA ENRIQUETA,RIVERA DELGADO ,DIDATEC,GESTION EDUCATIVA,1988 - 1988
ALIANZA PARA EL PROGRESO DEL PERU,CONGRESISTA,MARIA ENRIQUETA,RIVERA DELGADO ,DEGEM SYSTEMS,TECNOLOGÍA EDUCATIVA,2010 - 2010
ALIANZA PARA EL PROGRESO DEL PERU,CONGRESISTA,MARIANO EUTROPIO,PORTUGAL CATACORA,ESCUELA NORMAL MIXTA - PUNO,EDUCACION BASICA REGULAR,1974 - 1978
ALIANZA PARA EL PROGRESO DEL PERU,CONGRESISTA,MILUSKA MELYNA,PRIETO DAVILA ,I.S.T. SUIZA - PUCALLPA,SECRETARIADO EJECUTIVO,1987 - 1989
ALIANZA PARA EL PROGRESO DEL PERU,CONGRESISTA,NELSON ALBERTO,BARRANTES SANCHEZ ,"ISEP. ""HNO. VICTORINO ELORZ GOICOECHEA""",EDUCACIÓN SECUNDARIA,1992 - 1996
ALIANZA PARA EL PROGRESO DEL PERU,CONGRESISTA,RAQUEL,ATAUCUSI PUCHURI ,I.S.T.P.SAN VICENTE,ADMINISTRACION,2006 - 2009
ALIANZA PARA EL PROGRESO DEL PERU,CONGRESISTA,RAQUEL,ATAUCUSI PUCHURI ,I.S.T.P. SAN VICENTE,ADMINISTRACION FINANCIERA,2007 - 2011
ALIANZA PARA EL PROGRESO DEL PERU,CONGRESISTA,RAQUEL,ATAUCUSI PUCHURI ,CEPEBAN,ESTUDIOS BANCARIOS,2000 - 2001
ALIANZA PARA EL PROGRESO DEL PERU,CONGRESISTA,RAQUEL,ATAUCUSI PUCHURI ,I.S.T.P. SAN VICENTE,ADMINISTRACION DE PERSONAL,2007 - 2011
ALIANZA PARA EL PROGRESO DEL PERU,CONGRESISTA,SONNIA DEL CARMEN,ALARCON HORNA ,ISPP OCTAVIIO MATTA CONTRERAS,LENGUA Y LITERATURA,1986 - 0
ALIANZA PARA EL PROGRESO DEL PERU,CONGRESISTA,SONNIA DEL CARMEN,ALARCON HORNA ,ISTP CUTERVO,CONTABILIDAD,1993 - 1996
ALIANZA PARA EL PROGRESO DEL PERU,CONGRESISTA,YVAN VLADIMIR,PARDO VINCES ,I.S. PEDAGÓGICO JOSE ANTONIO ENCINAS,BIOLOGÍA Y QUIMICA,1987 - 1992
ALIANZA POPULAR,CONGRESISTA,AIDA NALDY CLOTILDE,SOTOMAYOR GARCIA VDA DE ESTERRIPA,ESCUELA DE ENFERMERAS SANIDAD DEL EJERCITO,ENFERMERIA,1968 - 1970
ALIANZA POPULAR,CONGRESISTA,AYDEE ALBERTINA,LOPEZ PEREZ ,Centro Internacional Latino,Secretariado,2001 - 2002
ALIANZA POPULAR,CONGRESISTA,AYDEE ALBERTINA,LOPEZ PEREZ ,Centro Internacional Latino,Secretariado,2001 - 2002
ALIANZA POPULAR,CONGRESISTA,BELIZARIO MIGUEL,GONZALES HUAPAYA ,CAEN,DEFENSA NACIONAL,2000 - 2000
ALIANZA POPULAR,CONGRESISTA,ELIZABETH YOLANDA,FLORES DE LA CRUZ,CET LATINOAMERICANO,OFIMATICA,2013 - 2013
ALIANZA POPULAR,CONGRESISTA,ELSA,PUTPAÑA RUIZ ,CESLA,Contabilidad,1992 - 1995
ALIANZA POPULAR,CONGRESISTA,FREDDY ALBERTO,GHILARDI ALVAREZ,Universidad de Lima,Tec. Avanzada,1977 - 1978
ALIANZA POPULAR,CONGRESISTA,FREDDY ALBERTO,GHILARDI ALVAREZ,Universidad de Lima,Planificación Org. y Control,1978 - 1979
ALIANZA POPULAR,CONGRESISTA,JESSICA ARMIDA,VARGAS GOMEZ,CENFOTUR,Turismo,1987 - 1990
ALIANZA POPULAR,CONGRESISTA,JOHNNY,IZQUIERDO ZEVALLOS,POLICIA NACIONAL DEL PERU,PNP,1993 - 0
ALIANZA POPULAR,CONGRESISTA,JOHNNY,IZQUIERDO ZEVALLOS,I.S.T. SUIZA,ADMINISTRACION,1988 - 1989
ALIANZA POPULAR,CONGRESISTA,JUAN CARLOS,EGUREN NEUENSCHWANDER ,ESAN,2DO PROGRAMA DE AVANT DE MARKETING,1996 - 1997
ALIANZA POPULAR,CONGRESISTA,LUISA,SOTELO LUNA ,CETPRO-MINEDU,OFIMATICA,2004 - 2004
ALIANZA POPULAR,CONGRESISTA,LUISA,SOTELO LUNA ,CETPRO - MINEDU,Ofimatica,2009 - 2009
ALIANZA POPULAR,CONGRESISTA,MARCIANO ANTONIO,VELASQUEZ OSCCO,"J. MULLER, AG FRICK",TELARES JACKARD,1998 - 1998
ALIANZA POPULAR,CONGRESISTA,MARIA ELIZABETH,RONDO LAYZA ,ISTE INDOAMERICANO,BACHILLER DE CONSTRUCCION CIVIL,1987 - 1989
ALIANZA POPULAR,CONGRESISTA,MARIA ELIZABETH,RONDO LAYZA ,INSTITUTO SUPERIOR TECNOLOGICO,CONSTRUCCIÓN CIVIL,1985 - 1986
ALIANZA POPULAR,CONGRESISTA,MAVILA ESTHER,VASQUEZ DIAZ,UNIVERSIDAD DE CHICLAYO,INGLES INTERMEDIO,2012 - 2012
ALIANZA POPULAR,CONGRESISTA,MAVILA ESTHER,VASQUEZ DIAZ,TRANSPARENCIA,FORMACION POLITICA PARA JOVENES,2010 - 2011
ALIANZA POPULAR,CONGRESISTA,MERCEDES MILAGROS,NUÑEZ GUTIERREZ ,LORD BYRON,SECRETARIADO,1983 - 1986
ALIANZA POPULAR,CONGRESISTA,MERCEDES MILAGROS,NUÑEZ GUTIERREZ ,LORD BYRON,TRADUCTOR INTERPRETE,1981 - 1983
ALIANZA POPULAR,CONGRESISTA,ORLANDO,SALAZAR QUISPE,CENECAPE INCA GARCILAZO,AUTOMOTORES A GASOLINA,1985 - 1986
ALIANZA POPULAR,CONGRESISTA,PAOLA,CAPCHA CABRERA,LA PONTIFICIA,COMPUTACION,1995 - 1996
ALIANZA POPULAR,CONGRESISTA,RAFAEL JULIO ANTONIO,OCAÑA MELGAREJO,IPAE,Administracion,1986 - 1990
ALIANZA POPULAR,CONGRESISTA,ROCIO DEL PILAR,CARTOLIN ANDAMAYO,COMUNICADORES ASOCIADOS,PERIODISMO,2000 - 2000
ALIANZA POPULAR,CONGRESISTA,ROFILIO T,NEYRA HUAMANI ,IPAE,DIPLOMADO EN ADMINISTRACION GERENCIAL,2009 - 2010
ALIANZA POPULAR,CONGRESISTA,SARITA SOBEYDA,QUISPE MARCA ,PROMAE,COSMETOLOGIA,2001 - 2003
ALIANZA POPULAR,CONGRESISTA,SHARON VANESSA,ORE RENGIFO,IDAT,TÉCNICO EN FARMACIA,1998 - 2000
ALIANZA POPULAR,CONGRESISTA,SIMON,LLAVILLA QUISPE,XXXXXXXXXX,CONTABILIDAD,1992 - 1994
ALIANZA POPULAR,CONGRESISTA,YOLANDA ERMENILDA,LOZADA STAMBURY ,ICPN DE AREQUIPA,SECRETARIADO,1969 - 1970
ALIANZA POPULAR,CONGRESISTA,YVAN ENRIQUE,VASQUEZ VALERA,BAUZATE Y MEZA,PERIODISMO,1989 - 1992
DEMOCRACIA DIRECTA,CONGRESISTA,AIDA LUZ,MAGCHIA RODRIGUEZ ,C.O. OFINTEC,OFFICE,2014 - 2014
DEMOCRACIA DIRECTA,CONGRESISTA,AIDA LUZ,MAGCHIA RODRIGUEZ ,I.S.T PUBLICA MANUEL SEOANE C.,CONPUTACION E INFORMATICA,2008 - 2014
DEMOCRACIA DIRECTA,CONGRESISTA,ALIOSI ANTONIA,CANCAN OLEA,ESCUELA DEPARTAMENTAL DE EDUCACIÓN ARTISTICA,ARTES PLÁSTICAS ,1968 - 1973
DEMOCRACIA DIRECTA,CONGRESISTA,ANDREA LIA,VALDERRAMA CAMPOS ,IDAT,TECNICO EN DISEÑO GRAFICO,2009 - 2009
DEMOCRACIA DIRECTA,CONGRESISTA,ANDRES,SULLCARAY BENITO,FEDERACION MINERA DEL PERU,LEGISLACION LABORAL,1984 - 1989
DEMOCRACIA DIRECTA,CONGRESISTA,ANDRES,SULLCARAY BENITO,FETIMAC,TECNICO EN ELECTRICIDAD,1994 - 1996
DEMOCRACIA DIRECTA,CONGRESISTA,CARLOS ALBERTO LUDECINO,MARTINEZ MARQUEZ ,ICPNA,INGLES,2000 - 2000
DEMOCRACIA DIRECTA,CONGRESISTA,CARMITA,CALVA GUERRERO ,I.S.T SAN AGUSTIN,ENFERMERIA,1998 - 2000
DEMOCRACIA DIRECTA,CONGRESISTA,CESAR AUGUSTO,BAZAN RUBIO ,(CGR) ESCUELA NACIONAL CTROL,AUDITORIA GESTION AMBIENTAL,2004 - 2004
DEMOCRACIA DIRECTA,CONGRESISTA,CESAR AUGUSTO,BAZAN RUBIO ,COLEGIO DE INGENIEROS DEL PERU,SNIP - PROY INVERSIONES PUBLICAS,2007 - 2007
DEMOCRACIA DIRECTA,CONGRESISTA,CIRILO,HERRERA TAIPE,"INSTITUTO DE EDUCACIÓN SUPERIOR TECNOLÓGICO ""ABANCAY""",TÉCNICO AGROPECUARIO,1995 - 1997
DEMOCRACIA DIRECTA,CONGRESISTA,DIOMEDES,DE LA CRUZ CASTRO ,ATENEO DEMOSTENES,ATENEO DEMOSTENES,1988 - 1988
DEMOCRACIA DIRECTA,CONGRESISTA,DIOMEDES,DE LA CRUZ CASTRO ,IPAE,ADMINISTRACION,1975 - 1976
DEMOCRACIA DIRECTA,CONGRESISTA,EDGAR NELSON,QUISPE FLORES,SENATI,TECNICO EN ELECTRICIDAD INDUSTRIAL,1993 - 1994
DEMOCRACIA DIRECTA,CONGRESISTA,EDY HERACLIO,HERNANDEZ CARDENAS,SENCICO,AUTOCAD,1995 - 0
DEMOCRACIA DIRECTA,CONGRESISTA,EDY HERACLIO,HERNANDEZ CARDENAS,TECSUP,PLC CONTROLADORES LOGICOS PROGRAMABLES,1996 - 1996
DEMOCRACIA DIRECTA,CONGRESISTA,ENRIQUE MANUEL,CASTAÑEDA TELLO ,UNI - UNIVERSIDAD NACIONAL DE  INGENIERIA ,ELECTRICISTA,2014 - 2014
DEMOCRACIA DIRECTA,CONGRESISTA,FANY ROSSEMERY,SARMIENTO POLO ,C.E.O CAYETANO HEREDIA,OBSTETRIA TECNICA,1988 - 1988
DEMOCRACIA DIRECTA,CONGRESISTA,FANY ROSSEMERY,SARMIENTO POLO ,I.S.P  FEDERICO VILLAREAL,TECNICA ENFERMERIA,1989 - 1990
DEMOCRACIA DIRECTA,CONGRESISTA,FANY ROSSEMERY,SARMIENTO POLO ,"I.S.N.E ""SANTA MARIA REYNA""",ENFERMERIA,1989 - 1991
DEMOCRACIA DIRECTA,CONGRESISTA,FREDDY,MERMA DAMIAN ,CITE MADERA,MANEJO DE MAQUINA INDUSTRIAL,2013 - 2013
DEMOCRACIA DIRECTA,CONGRESISTA,FREDDY,MERMA DAMIAN ,CENTRO PEDRO PAULET,CARPINTERIA,2008 - 2008
DEMOCRACIA DIRECTA,CONGRESISTA,GERARDINA,TORRES TOLEDO ,ESCUELA METROPOLITANA POLITICA,FORMANDO LIDERES,2013 - 2013
DEMOCRACIA DIRECTA,CONGRESISTA,GERARDINA,TORRES TOLEDO ,IST. SUPERIOR PEDRO PAULET,CONTABILIDAD BASICA,1979 - 1979
DEMOCRACIA DIRECTA,CONGRESISTA,INGRID PATRICIA,PEREZ FERNANDEZ,I.S.T. CEPEA,SECRETARIADO EJECUTIVO,2007 - 2009
DEMOCRACIA DIRECTA,CONGRESISTA,IRENE MARTHA,QUISPE TABOADA,I. E. AMERICANA,AUXILIAR CONTABLE,1974 - 1975
DEMOCRACIA DIRECTA,CONGRESISTA,JACKELINE NATALIE,ALVAREZ PAREDES ,IPCNA,INGLES,2011 - 2013
DEMOCRACIA DIRECTA,CONGRESISTA,JOSE,GROVAS GONZALES,I.S.P. SANTA ROSA CUSCO,PROGRAMA DE PROFESIONALIZACION,1992 - 1997
DEMOCRACIA DIRECTA,CONGRESISTA,JOSE DAVID,COVEÑAS CARRASCO ,NOVA,PANADERIA - PASTELERIA,2015 - 0
DEMOCRACIA DIRECTA,CONGRESISTA,JOSE MANUEL,CARLOS VALERIANO,CENTRUM,COMO CREAR UN ENTORNO DE TRABAJO,2002 - 2002
DEMOCRACIA DIRECTA,CONGRESISTA,JOSE MANUEL,CARLOS VALERIANO,U.N. PEDRO RUIZ GALLO,ADMINISTRACION DE EMPRESAS DE COOPER.,1971 - 1971
DEMOCRACIA DIRECTA,CONGRESISTA,JOSE MANUEL,CARLOS VALERIANO,ABACO COORP EDUCATIVA,NEGOCIACION,2003 - 2003
DEMOCRACIA DIRECTA,CONGRESISTA,JOSE MANUEL,CARLOS VALERIANO,ABACO CENTRO DESARROLLO EMPRESARIAL,PROGRAMA DE EXCELENCIA EN ADMINISTRACION,2003 - 2003
DEMOCRACIA DIRECTA,CONGRESISTA,JOSE MIGUEL ANGEL,CORTEZ VIGO,SENATI,CONSTRUCCIONES METALICAS,1989 - 1990
DEMOCRACIA DIRECTA,CONGRESISTA,JOSE NESPITO,VASQUEZ HUAMAN,I.P.E  GAMOR,TECNICO EN AUTOMOTORES Y DIESEL,1980 - 1981
DEMOCRACIA DIRECTA,CONGRESISTA,JOSE NESPITO,VASQUEZ HUAMAN,I.C.A.E.M ,RELACIONES INDUSTRIALES,1980 - 1981
DEMOCRACIA DIRECTA,CONGRESISTA,JOSE VICENTE,GARCIA CASTILLO,INSTITUTO NACIONAL AGROPECUARIO (INA Nro. 7),TECNICO AGROPECUARIO,1970 - 1974
DEMOCRACIA DIRECTA,CONGRESISTA,JOVITA,REATEGUI CUMAPA,I.S.T.P. VIRGEN DE LAS NIEVES,AUXILIAR EN ENFERMERIA,1997 - 1997
DEMOCRACIA DIRECTA,CONGRESISTA,JUAN CARLOS,GONZALES CALLA,I.S.T ALBERT EINSTEN,COMPUTACION E INFORMATICA,1987 - 1989
DEMOCRACIA DIRECTA,CONGRESISTA,JUAN JOSE,CHAMBILLA VENTURA,CETPRO CAP. MINERA MARIO SAMAME BOGGIO,MECÁNICO DE MANTENIMIENTO DE EQUIPOS MINEROS,1999 - 2000
DEMOCRACIA DIRECTA,CONGRESISTA,KETTY FLOR,CASTILLO PADILLA,IBM,ESPECIALISTA EN PROGRAMACION DE PC,2000 - 2001
DEMOCRACIA DIRECTA,CONGRESISTA,KETTY FLOR,CASTILLO PADILLA,IBM,ESPECIALISTA EN PC,1999 - 2000
DEMOCRACIA DIRECTA,CONGRESISTA,LUIS LUCHO,ROJAS HUAMANI ,CEOPA,MECANICA DE PRODUCCION,1992 - 1994
DEMOCRACIA DIRECTA,CONGRESISTA,LUSDAY LIBERTAD,VEGA APONTE DE MARTINEZ,"I.E.S.T.P ""ALMIRANTE MIGUEL GRAU""",TÉCNICO CONTABLE,1988 - 1990
DEMOCRACIA DIRECTA,CONGRESISTA,LUZ ANGELICA,SOLANO HARO ,CESCA,SECRETARIADO,2002 - 2003
DEMOCRACIA DIRECTA,CONGRESISTA,MARI LUZ,CARHUASUICA TAPIA,CENTRO DE ESTUDIOS CIMUVI,SECRETARIADO EJECUTIVO E IDIOMAS,2001 - 2003
DEMOCRACIA DIRECTA,CONGRESISTA,MARIA ISABEL,ESCOBAR MAMANI,I.S.T.P VALLE DE TAMBO,PRODUCCION DE ABONOS ORGANICOS,2008 - 2010
DEMOCRACIA DIRECTA,CONGRESISTA,MARIA ISABEL,ESCOBAR MAMANI,JORGE BASADRE,ENFERMERIA TECNICA ,2000 - 2002
DEMOCRACIA DIRECTA,CONGRESISTA,MARIA LOURDES,COARITE LAURA,CEOGNE TECNIC FASHION,TECNICO EN CONFECCIONES INDUSTRIALES,1999 - 2000
DEMOCRACIA DIRECTA,CONGRESISTA,MARIA LOURDES,COARITE LAURA,CEOGNE MARIA DOMITILA LASCOMBES,AUXILIAR DE EDUCACION INICIAL,2005 - 2006
DEMOCRACIA DIRECTA,CONGRESISTA,MARIA ROSA,SANCHEZ JARANDILLA ,ANGLO AMERICANA,ENFERMERÍA,1977 - 1980
DEMOCRACIA DIRECTA,CONGRESISTA,MELISSA,PERALTA ORELLANA,I.S.T.P. CESDE,INFORMATICA,2005 - 2007
DEMOCRACIA DIRECTA,CONGRESISTA,MELISSA,PERALTA ORELLANA,CEPTRO RIKCAARISUN,INFORMATICA,2007 - 2008
DEMOCRACIA DIRECTA,CONGRESISTA,NELLY MERCEDES,VILCA QUISPE,MEGATRONIC,PERIODISMO,2005 - 2008
DEMOCRACIA DIRECTA,CONGRESISTA,OSCAR ELIAS QUINTO,CARDENAS BARTRA ,CAEN,INTELIGENCIA ESTRATEGICA,2012 - 2012
DEMOCRACIA DIRECTA,CONGRESISTA,RODIL,ROJAS DAHUA ,CENTRO DE INVESTIGACION DE SICOLOGIA APLICADA LATINOAMERICANA CIPAL,ORATORIA Y LIDERAZGO,2011 - 2011
DEMOCRACIA DIRECTA,CONGRESISTA,RODIL,ROJAS DAHUA ,	CENTRO DE INVESTIGACION DE SICOLOGIA APLICADA LATINOAMERICANA CIPAL,DIPLOMADO EN GESTION PUBLICA,2014 - 2014
DEMOCRACIA DIRECTA,CONGRESISTA,RODIL,ROJAS DAHUA ,CENTRO DE INVESTIGACION DE SICOLOGIA APLICADA LATINOAMERICANA CIPAL,GESTION MUNICIPAL,2014 - 2014
DEMOCRACIA DIRECTA,CONGRESISTA,RODIL,ROJAS DAHUA ,CENCICO,ELECTRICIDAD DOMICILIARIA,2005 - 2006
DEMOCRACIA DIRECTA,CONGRESISTA,RODIL,ROJAS DAHUA ,CENTRO DE INVESTIGACION DE SICOLOGIA APLICADA LATINOAMERICANA CIPAL,REALIDAD NACIONAL,2015 - 2015
DEMOCRACIA DIRECTA,CONGRESISTA,ROSA ALICIA,MENDOZA CRESPO,INSTITUTO SUPERIOR PEDAGÓGICO,EDUCACIÓN,1983 - 1989
DEMOCRACIA DIRECTA,CONGRESISTA,SANTIAGO,FLORES LOZA ,INST. EDUC. SUP. TECNICO PUBLICO NAV. CITEN,ESC. RADIO COMUNICACIONES,1971 - 1972
DEMOCRACIA DIRECTA,CONGRESISTA,SEGUNDINA RUFINA,VENTURA HINOSTROZA,INSTITUTO SUPERIOR TECNOLÓGICO CATALINA BUENDÍA DE PECHO,TÉCNICO EN METALURGIA,1983 - 1985
DEMOCRACIA DIRECTA,CONGRESISTA,SEVERIANO HIGOR,RODRIGUEZ TORRES ,INSTITUTO TECNOLOGICO JOSE PARDO,MECANICA DE PRODUCCION,1984 - 1987
DEMOCRACIA DIRECTA,CONGRESISTA,VANESSA YANINA,CUBAS VASQUEZ,SENATI,INGLES,2005 - 2006
DEMOCRACIA DIRECTA,CONGRESISTA,YENI PAOLA,BARRAZUETA LARREATEGUI,I.S.T.P. SAN IGNACIO DE LOYOLA,TÉCNICO AGROPECUARIO,2007 - 2010
DEMOCRACIA DIRECTA,CONGRESISTA,YOHANA HELEN,VILCA FLORES,INSTITUTO CULTURAL DE IDIOMAS,INGLÉS,2007 - 2008
DEMOCRACIA DIRECTA,CONGRESISTA,YOHANA HELEN,VILCA FLORES,INSTITUTO SUPERIOR MARIA MONTESSORI,FARMACIA,2008 - 2008
DEMOCRACIA DIRECTA,CONGRESISTA,YSMENE DARLY,VARGAS CORDOVA,IPAE,ADMINISTRACION,2008 - 2008
"EL FRENTE AMPLIO POR JUSTICIA, VIDA Y LIBERTAD",CONGRESISTA,ADELINDA,DIAZ URIARTE,Manuela Ramos,El trabajo del cuidado de la mujer,2014 - 2015
"EL FRENTE AMPLIO POR JUSTICIA, VIDA Y LIBERTAD",CONGRESISTA,ADELINDA,DIAZ URIARTE,FLORA TRISTAN,FORMACION POLITICA,2010 - 2010
"EL FRENTE AMPLIO POR JUSTICIA, VIDA Y LIBERTAD",CONGRESISTA,ADELINDA,DIAZ URIARTE,UCV,Liderazgo,2013 - 2015
"EL FRENTE AMPLIO POR JUSTICIA, VIDA Y LIBERTAD",CONGRESISTA,ADELINDA,DIAZ URIARTE,INS. SUPERIOR PAUL MILLER,COMPUTACION E INFORMATICA,2005 - 2005
"EL FRENTE AMPLIO POR JUSTICIA, VIDA Y LIBERTAD",CONGRESISTA,ALEX MANUEL,GALLARDO ZETA,C.J. ALBERT EINSTEIN,MECANICA INDUSTRIAL,1990 - 1991
"EL FRENTE AMPLIO POR JUSTICIA, VIDA Y LIBERTAD",CONGRESISTA,ANGELA LEONOR,VILLON BUSTAMANTE ,CURSO INTERNACIONAL ITS Y SIDA SIGLO XXI,IMPACTA,2001 - 2001
"EL FRENTE AMPLIO POR JUSTICIA, VIDA Y LIBERTAD",CONGRESISTA,ANGELA LEONOR,VILLON BUSTAMANTE ,UNIVERSIDAD CAYETANO HEREDIA,CULTURA DE CALIDAD PARA GESTION,2004 - 0
"EL FRENTE AMPLIO POR JUSTICIA, VIDA Y LIBERTAD",CONGRESISTA,ANGELA LEONOR,VILLON BUSTAMANTE ,CONSEJO LATINOAMERICANO DEL CARIBE CON SERVICIO EN VIH Y SIDA,PROGRAMA DE DESARROLLO DE LIDERAZGO,2004 - 0
"EL FRENTE AMPLIO POR JUSTICIA, VIDA Y LIBERTAD",CONGRESISTA,ANGELA LEONOR,VILLON BUSTAMANTE ,REDES LATINOAMERICANA EN VIH Y SIDA,CONSULTORES COMUNITARIOS,2005 - 0
"EL FRENTE AMPLIO POR JUSTICIA, VIDA Y LIBERTAD",CONGRESISTA,ETELVINA,BRICEÑO VELA,INST. SUPERIOR PEDAGOGICO,-,1994 - 1999
"EL FRENTE AMPLIO POR JUSTICIA, VIDA Y LIBERTAD",CONGRESISTA,GRETELL ESPERANZA,REBAZA ARAUJO ,INSTITUTO PERUANO AMERICANO,INGLES,1979 - 1981
"EL FRENTE AMPLIO POR JUSTICIA, VIDA Y LIBERTAD",CONGRESISTA,JANEETH LILIANA,OTOYA BRAMON ,COMPUTRONIC,COMPUTACIÓN,1998 - 2000
"EL FRENTE AMPLIO POR JUSTICIA, VIDA Y LIBERTAD",CONGRESISTA,JAVIER,CASTRO ZAVALETA ,PROGRAMA VELASCO - PESQUERIA,BIOLOGIA MARINA,1974 - 1974
"EL FRENTE AMPLIO POR JUSTICIA, VIDA Y LIBERTAD",CONGRESISTA,JAVIER,CASTRO ZAVALETA ,PROGRAMA VELASCO - DICAPI,NAVEGACION Y PRIMEROS AUXILIOS,1974 - 0
"EL FRENTE AMPLIO POR JUSTICIA, VIDA Y LIBERTAD",CONGRESISTA,JOSE,OLIVOS VINCES ,ESEFUL,DIRECT. TECNICO FUTBOL,2008 - 2009
"EL FRENTE AMPLIO POR JUSTICIA, VIDA Y LIBERTAD",CONGRESISTA,JOVANA ELENA,VILLANUEVA CHOMB,SECRETARIADO COMERCIAL,SECRETARIADO COMERCIAL,2015 - 2015
"EL FRENTE AMPLIO POR JUSTICIA, VIDA Y LIBERTAD",CONGRESISTA,KATIUSKA,VILLASANTE VERGARA,I.E.S.T.P.,GUIA OFICIAL DE TURISMO,2004 - 2008
"EL FRENTE AMPLIO POR JUSTICIA, VIDA Y LIBERTAD",CONGRESISTA,LEONILA MARTINA,PORTOCARRERO RAMOS ,CONSERVATORIO NACIONAL,PEDAGOGIA MUSICAL,1969 - 0
"EL FRENTE AMPLIO POR JUSTICIA, VIDA Y LIBERTAD",CONGRESISTA,LEONILA MARTINA,PORTOCARRERO RAMOS ,CONSERVATORIO NACIONAL,ESTUDIOS SUPERIORES DE MUSICA,1969 - 1974
"EL FRENTE AMPLIO POR JUSTICIA, VIDA Y LIBERTAD",CONGRESISTA,LEYDI ELIZABETH,DE LA CRUZ MAYTA,INJOUNSA,ASISTENTE INFORMATICA Y DOCUMENTACION EMPRESARIAL,2008 - 2008
"EL FRENTE AMPLIO POR JUSTICIA, VIDA Y LIBERTAD",CONGRESISTA,LEYDI ELIZABETH,DE LA CRUZ MAYTA,INJOUNSA,CICLO BASICO,2008 - 2008
"EL FRENTE AMPLIO POR JUSTICIA, VIDA Y LIBERTAD",CONGRESISTA,LUIS,QUINDE GARCIA ,ISTP. SAN IGNACIO,CONTABILIDAD,2012 - 2014
"EL FRENTE AMPLIO POR JUSTICIA, VIDA Y LIBERTAD",CONGRESISTA,LUIS PEDRO,PORTILLA Y TORRES,PARROQUIA SAGRADA FAMILIA,COMPUTACION,2004 - 2005
"EL FRENTE AMPLIO POR JUSTICIA, VIDA Y LIBERTAD",CONGRESISTA,MARTIN ARNALDO,MORALES TORRES ,INSTITUTO SAN IGNACIO DE LOYOLA,CARRERA PROF. COMPUTACION E INFORMATICA,1993 - 1997
"EL FRENTE AMPLIO POR JUSTICIA, VIDA Y LIBERTAD",CONGRESISTA,MICHEL FRANK,BERAUN CHACA,ISAEFT. AMERICANO,COMPUTACION E INFORMATICA,2013 - 2013
"EL FRENTE AMPLIO POR JUSTICIA, VIDA Y LIBERTAD",CONGRESISTA,MONICA,ALARCON ANTEZANA,IESP. ARGENTINA,ADMINISTRACION,1998 - 1999
"EL FRENTE AMPLIO POR JUSTICIA, VIDA Y LIBERTAD",CONGRESISTA,NADIA YESENIA,GRANDEZ PISCO,CETPRO,Computación,2001 - 2001
"EL FRENTE AMPLIO POR JUSTICIA, VIDA Y LIBERTAD",CONGRESISTA,NADIA YESENIA,GRANDEZ PISCO,CETPRO,Corte y confección,2000 - 2000
"EL FRENTE AMPLIO POR JUSTICIA, VIDA Y LIBERTAD",CONGRESISTA,NATALY ROSARIO,MONTALDO TORRES,SAN IGNACIO DE LOYOLA,ADM DE EMPRESAS,2008 - 2011
"EL FRENTE AMPLIO POR JUSTICIA, VIDA Y LIBERTAD",CONGRESISTA,NELIDA,AYAY CHILON ,COMPUTACION E INFORMATICA,COMPUTACION E INFORMATICA,2006 - 2006
"EL FRENTE AMPLIO POR JUSTICIA, VIDA Y LIBERTAD",CONGRESISTA,NELIDA,AYAY CHILON ,SENATI,CONFECCIONES TEXTILES,2004 - 2006
"EL FRENTE AMPLIO POR JUSTICIA, VIDA Y LIBERTAD",CONGRESISTA,NINFA ANGELA,QUISPE QUISPE,IST. J.C. MARIATEGUI,TECNICO EN CONTABILIDAD,1983 - 1985
"EL FRENTE AMPLIO POR JUSTICIA, VIDA Y LIBERTAD",CONGRESISTA,NINFA ANGELA,QUISPE QUISPE,IS PEDAGOGICO NUESTRA SEÑORA DEL ROSARIO,HISTORIA Y GEOGRAFIA SECUNDARIA,1995 - 1998
"EL FRENTE AMPLIO POR JUSTICIA, VIDA Y LIBERTAD",CONGRESISTA,PEDRO FERNANDO,TINCOPA CALLE,SENATI,ELECTRICIDAD,1970 - 1972
"EL FRENTE AMPLIO POR JUSTICIA, VIDA Y LIBERTAD",CONGRESISTA,RAFAEL,RUIZ DIAZ ,INTE. CIRO ALEGRIA BAZAN,ADMINISTRACION DE EMPRESAS,1988 - 1990
"EL FRENTE AMPLIO POR JUSTICIA, VIDA Y LIBERTAD",CONGRESISTA,RUBEN DARION,VEGA MATOS ,IST. TAYLOR,ADMINISTRACION DE EMPRESAS,1991 - 1993
"EL FRENTE AMPLIO POR JUSTICIA, VIDA Y LIBERTAD",CONGRESISTA,RUFINA ANDREA,ORDINOLA ARELLANO,I.S.T. COSMOS,ADM DE EMPRESAS,1977 - 1980
"EL FRENTE AMPLIO POR JUSTICIA, VIDA Y LIBERTAD",CONGRESISTA,SANTIAGO,MANUIN VALERA ,DEUSTO,DERECHOS HUMANOS,2001 - 2001
"EL FRENTE AMPLIO POR JUSTICIA, VIDA Y LIBERTAD",CONGRESISTA,TANIA MICHAEL,TURRIATE CAVERO ,INSTITUTO SUPERIOR LATINO,TECNICO EN COMPUTACION,2003 - 2003
"EL FRENTE AMPLIO POR JUSTICIA, VIDA Y LIBERTAD",CONGRESISTA,TANIA MICHAEL,TURRIATE CAVERO ,IPAE,ADMINISTRACION,2005 - 2006
"EL FRENTE AMPLIO POR JUSTICIA, VIDA Y LIBERTAD",CONGRESISTA,WALTER,DE LA CRUZ BUJAICO,ISTP PAMPAS,AGROPECUARIA,2000 - 2003
"EL FRENTE AMPLIO POR JUSTICIA, VIDA Y LIBERTAD",CONGRESISTA,ZENAIDA JULIA,COLONIA SOLANO,A COMPU CLASS INFORMATICA,INFORMATICA,1999 - 1999
FRENTE ESPERANZA,CONGRESISTA,ALBERTO RUBEN,CORDERO NUÑEZ,CENTRO DE IDIOMAS DE LA FUERZA ARMADA,INGLES,1982 - 1982
FRENTE ESPERANZA,CONGRESISTA,ALDO ALONSO,TAVARA CESPEDES ,ISPP JUAN JOSE FARFAN,ADMINISTRACION DE EMPRESAS,2000 - 2002
FRENTE ESPERANZA,CONGRESISTA,AMANDA ESIDORA,SILVA LANDA ,CEPRO LA LIBERTAD,COSMETOLOGIA,2010 - 2012
FRENTE ESPERANZA,CONGRESISTA,ANA ROSA,MEDINA MENDOZA ,CEVATUR,COUNTER,1996 - 1999
FRENTE ESPERANZA,CONGRESISTA,ANA ROSA,MEDINA MENDOZA ,INSTITUTO SAN LUIS,COMPUTACION E INFORMATICA,1989 - 1991
FRENTE ESPERANZA,CONGRESISTA,CARLOS ALBERTO,JARA CORONADO ,DRTC - PIURA,EVALUACION Y SUPERVISION DE CONSTRUCCIONES VIALES,2012 - 2012
FRENTE ESPERANZA,CONGRESISTA,CARMEN MUJER,GALVEZ GAMARRA,SENATI,PROCESADOR DE ALIMENTOS,1995 - 1997
FRENTE ESPERANZA,CONGRESISTA,CESAR AUGUSTO OSWALDO,PEREA RAMIREZ,RADIO COM DATA,SATEL TRAINING,2002 - 2002
FRENTE ESPERANZA,CONGRESISTA,CESAR AUGUSTO OSWALDO,PEREA RAMIREZ,REGIONAL CENTER,WIRELESS PLANNING,2001 - 2001
FRENTE ESPERANZA,CONGRESISTA,DARIO EZEQUIEL,TAPIA SALAZAR,CAEM,DEFENSA NACIONAL,1988 - 1988
FRENTE ESPERANZA,CONGRESISTA,DIONICIA KETTY,HILARIO PEDROZO,VICTOR ANDRES BELAUNDE,SECRETARIADO JURIDICO,1970 - 1970
FRENTE ESPERANZA,CONGRESISTA,EDISON MANUEL,GIL TORRES,INFOCAE,FUNDAMENTOS BASIC - JAVA,2011 - 2011
FRENTE ESPERANZA,CONGRESISTA,EDISON MANUEL,GIL TORRES,IST IDAT,COMPUTACION E INFORMATICA,1989 - 1991
FRENTE ESPERANZA,CONGRESISTA,EMMA,PINEDO RAMIREZ,HIPOLITO UNANUE,ENFERMERIA TECNICA,1984 - 1986
FRENTE ESPERANZA,CONGRESISTA,ENOCH TEODORO,SANCHEZ PRUDENCIO ,CIESA,Ciencias de la Comunicacion,1994 - 1995
FRENTE ESPERANZA,CONGRESISTA,FERMIN CIRILO,CHAMBI LINARES,MIAMI POPULAR SCHOOL,ELECTRONICA,1968 - 1971
FRENTE ESPERANZA,CONGRESISTA,GERSON,DELGADO CHUJUTALLI ,INSTITUTO SUPERIOR TECNOLOGICO ALTO HUALLAGA,ENFERMERIA TECNICA,1992 - 1993
FRENTE ESPERANZA,CONGRESISTA,ISABEL,ALVARADO DE SANCHEZ,CPE IQUITOS,SASTRERIA BASICA,1979 - 0
FRENTE ESPERANZA,CONGRESISTA,ISABEL,ALVARADO DE SANCHEZ,CAPACITACION Y PRODUCCION,INDUSTRIA DEL VESTIDO,1977 - 1978
FRENTE ESPERANZA,CONGRESISTA,JESSICA YANINA,FALCON GARCIA,INSTITUTO CULTURAL ARGENTINO NORTEAMERICANO,NEW CUAVE 2 COURSE,1995 - 0
FRENTE ESPERANZA,CONGRESISTA,JESSICA YANINA,FALCON GARCIA,INSTITUTO CULTURAL ARGENTINO,SPECTRUN 2A - 2B ,1996 - 0
FRENTE ESPERANZA,CONGRESISTA,JESSICA YANINA,FALCON GARCIA,INSTITUTO CULTURAL ARGENTINO NORTEAMERICANO,NEW CUAVE 1 COURSE,1995 - 0
FRENTE ESPERANZA,CONGRESISTA,JESSICA YANINA,FALCON GARCIA,ACADEMIA OLIE,CORTES Y PEINADOS,1995 - 1998
FRENTE ESPERANZA,CONGRESISTA,JORGE LUIS,MICALAY LOZANO,COMISION NACIONAL DE FISICOCULTURISMO,INSTRUCTOR PERSONAL ACM,1998 - 1998
FRENTE ESPERANZA,CONGRESISTA,JORGE LUIS,MICALAY LOZANO,INSTITUTO DE INV. Y DESARROLLO DEL DEPORTE,ENTRENADOR DE FISICOCULTURISMO,1991 - 1994
FRENTE ESPERANZA,CONGRESISTA,JOSE EFRAIN,MAZA BALLADARES ,I.S.T. San Martin de Porres,Comunicacion Audiovisual,1988 - 1990
FRENTE ESPERANZA,CONGRESISTA,JUAN TEOBALDO,ZAPATA CARRION,ISTP ACCION COMUNITARIA,ADMINISTRACION,2005 - 2007
FRENTE ESPERANZA,CONGRESISTA,LUZMARINA,PALOMINO QUISPE,CEO INMACULADA,CORTE Y CONFECCION ,1977 - 1978
FRENTE ESPERANZA,CONGRESISTA,MARIANELA YOJANA,GONZALES FLORES ,I.S.T. Cap. Jose Abelardo Quiñones,Computacion e Informatica,2001 - 2003
FRENTE ESPERANZA,CONGRESISTA,MARIO MARTIN,PAREDES LOSTAUNAU,IPAE,ADMINISTRACION,2012 - 2014
FRENTE ESPERANZA,CONGRESISTA,MARIO MARTIN,PAREDES LOSTAUNAU,IDAT,COMPUTACION,1991 - 1992
FRENTE ESPERANZA,CONGRESISTA,MARY ROSA,JACINTO GABRIEL ,CONTADORES GRADUADOS UNMSM,COMPUTACION,1997 - 1998
FRENTE ESPERANZA,CONGRESISTA,MIGUEL ALEX,ALE VALERIANO ,UNIMASTER,DISEÑO GRAFICO,2005 - 2005
FRENTE ESPERANZA,CONGRESISTA,MIGUEL ALEX,ALE VALERIANO ,SENATI,MECANICA INDUSTRAIL,1989 - 1991
FRENTE ESPERANZA,CONGRESISTA,MILAGROS MALENA,GAMBOA MOQUILLAZA,CESCA,TECNICO EN MICROCOMPUTACION,1993 - 1993
FRENTE ESPERANZA,CONGRESISTA,MIRTHA LUZ,DOMINGUEZ RAMIREZ,UNMEVAL,COMPUTACION,2005 - 2007
FRENTE ESPERANZA,CONGRESISTA,MONICA ITALA,HINOJOSA PALOMINO,INCA GARCILASO DE LA VEGA,SECRETARIADO,1990 - 1992
FRENTE ESPERANZA,CONGRESISTA,NOELIA ROSSVITH,HERRERA MEDINA,ISTP ACCION COMUNITARIA,ADMINISTRACION,2005 - 2007
FRENTE ESPERANZA,CONGRESISTA,NORMA ADRIANA,RUEDA ÑOPO,IST GILDA BALLIVIAN,TECNICAS INFORMATICASA,2000 - 2001
FRENTE ESPERANZA,CONGRESISTA,PILAR ALEJANDRA,BALBIN VILLANUEVA,UNIVERSIDAD SAN MARTIN DE PORRES,INGLES,2012 - 2013
FRENTE ESPERANZA,CONGRESISTA,ROSA PASCUALA,SERRA ALBURQUEQUE,SANTO TORIBIO DE MOGROVEJO,ENFERMERIA,1997 - 2000
FRENTE ESPERANZA,CONGRESISTA,TITO ALEXANDER,CARHUAMACA RODRIGUEZ,SENCICO,TECNICO EN EDIFICACIONES,2002 - 2004
FRENTE ESPERANZA,CONGRESISTA,VICTOR MANUEL,ZEGARRA MUÑANTE,CIBERTEC,COMPUTACION E INFORMATICA,1988 - 1989
FRENTE ESPERANZA,CONGRESISTA,VIRGILIO,HUANAY BUJAICO ,C.E.O. TOCACHE,ELECTRICIDAD BASICA,1997 - 1997
FRENTE ESPERANZA,CONGRESISTA,YESSICCA YOKO,SUEYOSHI SALCEDO,UNIVERSIDAD DE LIMA,SECRETARIADO,1974 - 1976
FUERZA POPULAR,CONGRESISTA,ALEJANDRINA,CARRANZA NORIEGA,INSTITUTO COMERCIAL AMAUTA,SECRETARIADO,1969 - 1970
FUERZA POPULAR,CONGRESISTA,ALEX,GONZALES CASTILLO,MINJUS DIRECCION CONCILIACION,CONCILIACIÓN EXTRAJUDICIAL ,2009 - 2009
FUERZA POPULAR,CONGRESISTA,ANGEL,NEYRA OLAYCHEA ,RICARDO PALMA,MECANICA DE PRODUCCION,1976 - 1979
FUERZA POPULAR,CONGRESISTA,BETTY GLADYS,ANANCULI GOMEZ ,ALAS PERUANAS,ADMINISTRACION DE NEGOCIOS INTERNACIONALES,2011 - 2013
FUERZA POPULAR,CONGRESISTA,DESSY LOURDES,ZANABRIA PALOMINO DE NACK ,Elizabethe Still Krankenhaus,Enfermera,1992 - 1995
FUERZA POPULAR,CONGRESISTA,ELLA LAURA PILAR,SOTO CHOQUE,Instituto Cepeban,Administracion,2011 - 0
FUERZA POPULAR,CONGRESISTA,ELLA LAURA PILAR,SOTO CHOQUE,Instituto Suoperior Norbert Wiener,Secretariado,2009 - 2010
FUERZA POPULAR,CONGRESISTA,ERIKA TALITTA,ROJAS CUEVA ,SENATI,PATRONAJE INDUSTRIAL,1997 - 1998
FUERZA POPULAR,CONGRESISTA,ESTHER,SAAVEDRA VELA ,UNIVERSIDAD NACIONAL DE TRUJILLO EN CONVENIO CON EL INSTITUTO DESARROLLO GERENCIAL,PROGRAMA ESPECIALIZACION Y EXTENSION UNIVERSITARIA,2005 - 2006
FUERZA POPULAR,CONGRESISTA,FEDERICO,PARIONA GALINDO ,UNIVERSIDAD ESAN,PAE-PROGRAMA DE ALTA ESPECIALIZACIÓN,2014 - 2015
FUERZA POPULAR,CONGRESISTA,GABINO HUGO,ROSAS LOPEZ ,Escuela de Oficiales PNP,Centro de instrucción,1967 - 1970
FUERZA POPULAR,CONGRESISTA,GABINO HUGO,ROSAS LOPEZ ,ESCUELA DE OFICIALES PNP,CENTRO DE INSTRUCCIÓN,1967 - 1970
FUERZA POPULAR,CONGRESISTA,KARLA MELISSA,SCHAEFER CUCULIZA ,Universidad Nacional de Ingenieria,Gestion Publica,1995 - 1995
FUERZA POPULAR,CONGRESISTA,KARLA MELISSA,SCHAEFER CUCULIZA ,IPAE,Comercializacion,1984 - 1990
FUERZA POPULAR,CONGRESISTA,LUZ FILOMENA,SALGADO RUBIANES ,ESCUELA SUPERIOR DE TURISMO,TECNICO EN TURISMO,1967 - 1969
FUERZA POPULAR,CONGRESISTA,MAGDALENA DEL ROSARIO,QUEPUY IZARRA,I.S.T.P. BAGUA,ENFERMERIA TECNICA,1997 - 1999
FUERZA POPULAR,CONGRESISTA,MARIA CANDELARIA,RAMOS ROSALES ,Universidad San Martín de Porres,Educación Inicial,1989 - 1990
FUERZA POPULAR,CONGRESISTA,MARIA CECILIA,KOBASHIGAWA SILVA ,INSTITUTO TECNOLÓGICO MONTEMAR,DISEÑO GRÁFICO,1984 - 1986
FUERZA POPULAR,CONGRESISTA,MARIA CRISTINA,MELGAREJO PAUCAR ,I.S.T. ELEAZAR GUZMAN BARRON,GUIA OFICIAL DE TURISMO,1994 - 1996
FUERZA POPULAR,CONGRESISTA,MARIA DEL PILAR,SUAREZ NOLE ,Conciliación Extrajudicial,Conciliador,2003 - 2003
FUERZA POPULAR,CONGRESISTA,MARIA DEL PILAR,SUAREZ NOLE ,APECC,Arbitraje,2002 - 2002
FUERZA POPULAR,CONGRESISTA,MARICELA MARCELINA,NOLASCO VASQUEZ ,INST.SUP.TECNOLG.PÚB.PICHANAQUI,ENFERMERÍA TÉCNICA,1995 - 1997
FUERZA POPULAR,CONGRESISTA,MAURICIO,MIRANDA VARGAS FANO ,Asoc. Panam. de Banco de Ojos,X Curso de la APABO,2008 - 2008
FUERZA POPULAR,CONGRESISTA,MIGUEL ANGEL,ELIAS AVALOS ,EX- INSTITUTO TECNICO JORGE CHAVEZ,ELECTRICIDAD BASICA,1974 - 1975
FUERZA POPULAR,CONGRESISTA,MILTON,MIRANDA ROMAN ,Senati,Técnico Industrial en Mecánica Automotriz,1994 - 1997
FUERZA POPULAR,CONGRESISTA,RAMIRO,GUZMAN IBAÑEZ ,I.S.T. CEPEA,Ciencias Administrativas,1990 - 1992
FUERZA POPULAR,CONGRESISTA,RAUL CESAR,FRANCO INGA ,Centro Parroquial San Pedro,Mant. Automotríz ,1987 - 1987
FUERZA POPULAR,CONGRESISTA,RAUL CESAR,FRANCO INGA ,Centro Parroquial San Pedro,Motores Explosión,1988 - 1988
FUERZA POPULAR,CONGRESISTA,RUTH ESTHER,JAULIS QUICAÑA,Seminario Evangélico de Lima,Teología,1989 - 1993
FUERZA POPULAR,CONGRESISTA,VERONICA REBECA,ESCOBAL ORDOÑEZ ,Instituto Superior Tecnológico del Norte,Técnico en Contabilidad,1988 - 1991
FUERZA POPULAR,CONGRESISTA,YESENIA,PONCE VILLARREAL DE VARGAS,INSTITUTO TECNOLÓGICO SUPERIOR ICLAE ,SECRETARIADO,1990 - 1992
PARTIDO HUMANISTA PERUANO,CONGRESISTA,ALIPIO,YANQUI ALEJO,C.I.P.A.L.,Oratoria,2014 - 2016
PARTIDO HUMANISTA PERUANO,CONGRESISTA,ALIPIO,YANQUI ALEJO,I.P.S RAUL PORRAS B.,EDUCACION,2000 - 0
PARTIDO HUMANISTA PERUANO,CONGRESISTA,BEDITH,BARBARAN LINARES,ISTP. MARIA PARADO DE BELLIDO,DISEÑO DE MODAS,1998 - 2000
PARTIDO HUMANISTA PERUANO,CONGRESISTA,CAROLINA,VALERA VALLES,UNIVERSIDAD NACIONAL MAYOR DE SAN MARCOS-SEDE TARAPOTO,EDUCACIÓN,2002 - 2003
PARTIDO HUMANISTA PERUANO,CONGRESISTA,CAROLINA,VALERA VALLES,INSTITUTO SUPERIOR PEDAGÓGICO-TARAPOTO,EDUCACIÓN,1990 - 1995
PARTIDO HUMANISTA PERUANO,CONGRESISTA,EDDA IMELDA,LOPEZ VERGARA,INSTITUTO SUPERIOR TECNOLÓGICO DE HUANCAVELICA,EDUCACION INICIAL,1978 - 1981
PARTIDO HUMANISTA PERUANO,CONGRESISTA,ELENA FLORENTINA,URBANO SANCHEZ DE RAMIREZ,ACADEMIA UNIVERSAL,SECRETARIA EJECUTIVA,1998 - 1998
PARTIDO HUMANISTA PERUANO,CONGRESISTA,HARLEY,DIAZ GUERRA,SENATI,Electricidad,1992 - 1995
PARTIDO HUMANISTA PERUANO,CONGRESISTA,HAYDEE,CASTILLO VALIENTE DE SANCHEZ,INSTITUTO PEDAGÓGICO PIURA,EDUCACION,1992 - 1995
PARTIDO HUMANISTA PERUANO,CONGRESISTA,HAYDEE,CASTILLO VALIENTE DE SANCHEZ,CESCA,CONTABILIDAD,1983 - 1985
PARTIDO HUMANISTA PERUANO,CONGRESISTA,HILDA,MIRANDA CACHI,	UNITEK PUNO /Grupo IDAT,¿	CARRERA PROFESIONAL TECNICA EN ENFERMERIA ,1998 - 2000
PARTIDO HUMANISTA PERUANO,CONGRESISTA,JAVIER FERNANDO,ARCE ALVARADO,Instituto ISSANS,Administracion ,1989 - 1992
PARTIDO HUMANISTA PERUANO,CONGRESISTA,JORGE LUIS,BARBOZA GAYOSO,Proyecto Peru-BIRS DEL NEC nº12 ,Técnico Agropecuario,1974 - 1976
PARTIDO HUMANISTA PERUANO,CONGRESISTA,JOSE ANTONIO,BAFFIGO TORRE,Manuela Felicia Gomez,Capacitación,2001 - 2001
PARTIDO HUMANISTA PERUANO,CONGRESISTA,JULIO ERNESTO,CARDENAS ASPAJO,Ministerio de Educación,Relaciones Industriales ,1966 - 1967
PARTIDO HUMANISTA PERUANO,CONGRESISTA,KLEBERTH MARIO,CAMPOS JURADO,EIGER,COMPUTACION,2005 - 2005
PARTIDO HUMANISTA PERUANO,CONGRESISTA,LAURA MICAELA,RIVAS QUIROZ,I.S.T. Bertrand Russell,Enfermeria Tecnica,1993 - 1995
PARTIDO HUMANISTA PERUANO,CONGRESISTA,LEONARDO,BASILIO VENTURA,Univ. de San Martin de Porres,Facultad de Ciencias Sociales,1990 - 1991
PARTIDO HUMANISTA PERUANO,CONGRESISTA,LEONOR,SAIRE MARCAVILLACA VDA DE ROJAS,SALUD Y BELLEZA,ENFERMERÍA,1995 - 1996
PARTIDO HUMANISTA PERUANO,CONGRESISTA,LEONOR,SAIRE MARCAVILLACA VDA DE ROJAS,EXCELSIOR,TÉCNICO EN ENFERMERÍA,1988 - 1989
PARTIDO HUMANISTA PERUANO,CONGRESISTA,LILA YSABEL,DEL AGUILA SORIA DE PRINCE,CEVATUR - LIMA,ADMINISTRACIÓN DE SERVICIOS HOTELEROS,1987 - 1987
PARTIDO HUMANISTA PERUANO,CONGRESISTA,LUIS BELTRAN,ARONES HUALLANCA,I.S.T Avancys,Edición y Filmación ,2015 - 2015
PARTIDO HUMANISTA PERUANO,CONGRESISTA,MARIA,GUTIERREZ DELGADO,"UNSM ""Escuela De Estudios Especiales""",Secretariado Ejecutivo en Castellano,1976 - 1979
PARTIDO HUMANISTA PERUANO,CONGRESISTA,MARIA,GUTIERREZ DELGADO,Instituto el buen Gobierno,Gestion Parlamentaria,2005 - 2005
PARTIDO HUMANISTA PERUANO,CONGRESISTA,MARIA ESTHER,PALOMINO AMARO,ICPNA,Ingles,1982 - 1985
PARTIDO HUMANISTA PERUANO,CONGRESISTA,MAXIMILIANA,LLOCLLA TORRES,Abraham Valdelomar,Enfermeria,2002 - 2003
PARTIDO HUMANISTA PERUANO,CONGRESISTA,MERCEDES GISELA,CAMONES HINOSTROZA,COMPUTRONIC,COMPUTACIÓN E INFORMÁTICA,1993 - 1993
PARTIDO HUMANISTA PERUANO,CONGRESISTA,NICANOR,NINA CUYA ,Gamor,Electricidad,2006 - 2006
PARTIDO HUMANISTA PERUANO,CONGRESISTA,PAOLA SALOME,SALAZAR PAREDES,ISTP ABACO,DISEÑO GRÁFICO,2004 - 2005
PARTIDO HUMANISTA PERUANO,CONGRESISTA,PAULA HONORIA,O'HIGGINS LUYO,CENECAPE INDUSTRIAL GAMOR,CONSTRUCCIÓN CIVIL,1978 - 1979
PARTIDO HUMANISTA PERUANO,CONGRESISTA,PAULA HONORIA,O'HIGGINS LUYO,INSTITUTO DE COOPERATIVISMO DE LA UNIVERSIDAD DE LIMA,DIBUJO,1977 - 1979
PARTIDO HUMANISTA PERUANO,CONGRESISTA,RICARDO ALBERTO,ALAYO MARIÑOS,Inst. Chanchan,Técnico Automotriz,1976 - 1978
PARTIDO HUMANISTA PERUANO,CONGRESISTA,ROSA DELSA,MAVILA LEON,CAEN - CENTRUM,PLANIFICACIÓN ESTRATÉGICA,2001 - 2002
PARTIDO HUMANISTA PERUANO,CONGRESISTA,VICTOR MANUEL,GUTIERREZ JESUS,CENTRO DE CAPACITACIÓN PROFESIONAL Y DE SISTEMAS (CECAPSYS),ENSAMBLAJE MANT. DE PC,2014 - 2014
PARTIDO HUMANISTA PERUANO,CONGRESISTA,VICTOR MANUEL,GUTIERREZ JESUS,TOKIO TARAPOTO,NAVEGACIÓN EN INTERNET,2013 - 2013
PARTIDO HUMANISTA PERUANO,CONGRESISTA,VICTOR MANUEL,GUTIERREZ JESUS,EIGER,TURISMO,2005 - 2007
PARTIDO HUMANISTA PERUANO,CONGRESISTA,WILFREDO,BARRIONUEVO TACUNAN,CESAP ALTOS ESTUDIOS,FORMULACIONY EVALUACION DE PROYECTOS DE INVERSIÓN PUBLICA SNIP,2013 - 2013
PARTIDO HUMANISTA PERUANO,CONGRESISTA,WILFREDO,BARRIONUEVO TACUNAN,UNIVERSIDAD SAN MARCOS,GESTIÓN PÚBLICA ,2013 - 2013
PARTIDO HUMANISTA PERUANO,CONGRESISTA,WILMER,ANTON MAYANGA,I.S.T. BERTRAND RUSSELL,ENFERMERIA,1986 - 1988
PARTIDO HUMANISTA PERUANO,CONGRESISTA,WILMER,ANTON MAYANGA,I.S.T. PASCUAL SACO Y OLIVEROS,ADMINISTRACION,2001 - 2003
PARTIDO HUMANISTA PERUANO,CONGRESISTA,YESENIA,DEL AGUILA ROMERO ,IST Daniel Alcides Carrión.,Fisioterapia,2003 - 2003
PARTIDO HUMANISTA PERUANO,CONGRESISTA,YORKA MARINA,GAMARRA BOLUARTE,CENTRO CULTURAL CUSCO,TALLER DE NARRATIVA,1997 - 1997
PARTIDO HUMANISTA PERUANO,CONGRESISTA,ZENON DELFIN,ARANDA ROMERO,Ibnstituto Capacitacion Juridica,Derecho Inmobiliario Urbanistico y Ambiental ,2012 - 2012
PARTIDO HUMANISTA PERUANO,PRIMER VICEPRESIDENTE DE LA REPUBLICA,ROSA DELSA,MAVILA LEON,CAEN - CENTRUM,PLANIFICACIÓN ESTRATÉGICA,2001 - 2002
PARTIDO HUMANISTA PERUANO,SEGUNDO VICEPRESIDENTE DE LA REPUBLICA,YORKA MARINA,GAMARRA BOLUARTE,CENTRO CULTURAL CUSCO,TALLER DE NARRATIVA,1997 - 1997
PARTIDO NACIONALISTA PERUANO,CONGRESISTA,CLARITA LUZ,ROJAS SANTA CRUZ,I.ST PEDAGÓGICO JUAN ENRIQUE PESTALOZZI,LENGUA Y LITERATURA,1991 - 0
PARTIDO NACIONALISTA PERUANO,CONGRESISTA,CLARITA LUZ,ROJAS SANTA CRUZ,I.S.T SANTIAGO ANTUIÑEZ DE MAYOLO,SECRETARIO EJECUTIVO,1984 - 1986
PARTIDO NACIONALISTA PERUANO,CONGRESISTA,CLARITA LUZ,ROJAS SANTA CRUZ,I.S.T PEDAGOGICO JUAN ENRIQUE PESTALOZZI,LENGUA Y LITERATURA,1991 - 1997
PARTIDO NACIONALISTA PERUANO,CONGRESISTA,CLARITA LUZ,ROJAS SANTA CRUZ,IST. SANTIAGO  ANTUNEZ DE MAYOLO,SECRETARIADO EJECUTIVO,1984 - 1986
PARTIDO NACIONALISTA PERUANO,CONGRESISTA,DIANA EVELYN,BERROCAL BRAVO,UNIVERSIDAD PERUANA LOS ANDES,IDIOMAS,2001 - 2003
PARTIDO NACIONALISTA PERUANO,CONGRESISTA,GRACILDA,ORDOÑEZ GRANDA,ISTITUTO NACIONAL DE COMERCIO,CONTABILIDAD MERCANTIL,1977 - 1978
PARTIDO NACIONALISTA PERUANO,CONGRESISTA,MARIA MAGDALENA,RIOS ORBE,Instituto de Formación INFAP,Computación e Informatica,1994 - 1996
PARTIDO NACIONALISTA PERUANO,CONGRESISTA,NANCY AMANDA,MEJIA DE GALAN,CENCIF,TECNICO MAQUINAS INDUSTRIALES,1971 - 1972
PARTIDO NACIONALISTA PERUANO,CONGRESISTA,PEDRO ALEXIS,CHAVEZ SOLARI,INSTITUTO SUPERIOR PEDAGOGICO,PROFESOR DE EDUCACIÓN,1992 - 1996
PARTIDO NACIONALISTA PERUANO,CONGRESISTA,WASHINGTON,BOLIVAR DIAZ,ARCHIVO DE LA NACION,ARCHIVOLOGIA,1984 - 1987
PARTIDO POLITICO ORDEN,CONGRESISTA,ALEJANDRO FRANCISCO,CUELLAR LEYVA,Instituto Superior Pedagogico,Profesor de Educación Secundaria,1982 - 1985
PARTIDO POLITICO ORDEN,CONGRESISTA,AMILCAR VLADIMIR,YUFRA HENRIQUEZ,MELITON CARBAJAL,ELECTRONICA ,1998 - 2003
PARTIDO POLITICO ORDEN,CONGRESISTA,BEATRIZ JULIA,VALENCIA CAMPOVERDE,Instituto Técnico de la Administración de Empresas ITAE,Relaciones Públicas,1976 - 1979
PARTIDO POLITICO ORDEN,CONGRESISTA,CIRO SALUSTIANO,LANDEO LAURA,"I.S. Pedagogico ""Melchorita Saravia""",Comunicaciones,1994 - 1998
PARTIDO POLITICO ORDEN,CONGRESISTA,DANIEL DELFIN,CALIXTRO TRUJILLO,IGLESIA ALIANZA CRISTIANA Y MISIONERA,TEOLOGÍA PASTORAL,1993 - 1997
PARTIDO POLITICO ORDEN,CONGRESISTA,DORA MARISOL,SOLANO QUISPE,Instituto Cultural Peruano Norteamericano,Inglés,1985 - 1987
PARTIDO POLITICO ORDEN,CONGRESISTA,DURGA EDELMIRA,RAMIREZ MIRANDA,INSTITUTO DE DDHH DE LA UNIVERSIDAD COMPLUTENSE DE MADRID,DERECHOS HUMANOS,1994 - 1995
PARTIDO POLITICO ORDEN,CONGRESISTA,DURGA EDELMIRA,RAMIREZ MIRANDA,CENTRO DE ALTOS ESTUDIOS POLICIALES ,ORDEN INTERNO Y SEGURIDAD NACIONAL,1991 - 1991
PARTIDO POLITICO ORDEN,CONGRESISTA,EMILIANO ELIAS,MENDOZA ZEVALLOS,UNIÓN IBEROAMERICANA DE MUNICIPALISTAS,DIPLOMA DE SPECIALIZACIÓN EN GESTIÓN DEPORTIVA MUNICIPAL,2013 - 2014
PARTIDO POLITICO ORDEN,CONGRESISTA,EMILIANO ELIAS,MENDOZA ZEVALLOS,INSTITUTO SUPERIOR PEDAGÓGICO DE EDUCACIÓN FÍSICA DE LAMPA,EDUCACIÓN FÍSICA,1985 - 0
PARTIDO POLITICO ORDEN,CONGRESISTA,FELIX ROBERTO,CORTES ALFARO,ORGANIZACIÓN INTERNACIONAL DE LAS MIGRACIONES,CURSO INTERAMERICANO SOBRE MIGRACIONES INTERNACIONALES,1997 - 1997
PARTIDO POLITICO ORDEN,CONGRESISTA,GERMAN WALTER,ORIZOLA PACHECO,UNIVERSIDAD INCA GARCILAZO DE LA VEGA,TÉCNICO EN RELACIONES PÚBLICAS,1989 - 1989
PARTIDO POLITICO ORDEN,CONGRESISTA,GERMAN WALTER,ORIZOLA PACHECO,UNIVERSIDAD DE LIMA,DIBUJO TÉCNICO ARQUITECTÓNICO,1977 - 1978
PARTIDO POLITICO ORDEN,CONGRESISTA,GIOVANNI,OCHOA WALDE,CENFOTUR,COUNTER,1984 - 1985
PARTIDO POLITICO ORDEN,CONGRESISTA,GUSTAVO ADOLFO,CUADROS OVIEDO,IDIP  (INSTITUTO DE INVESTIGACION PROFESIONAL,SEGURIDAD MINERA EN OBRAS CIVILES,2012 - 2012
PARTIDO POLITICO ORDEN,CONGRESISTA,HUGO ORLANDO,RUIZ ABARCA,Senati ,Máquinas Herramientas,1985 - 1989
PARTIDO POLITICO ORDEN,CONGRESISTA,HUMBERTO ENRIQUE,CATTER D'ASTE,"CENTRO DE ALTOS ESTUDIOS NACIONALES , CAEN ",CBDN CURSO BÁSICO DE DEFENSA NACIONAL ,2004 - 2004
PARTIDO POLITICO ORDEN,CONGRESISTA,JIMMY SCOTT,MEZA PUENTE,CENTRO DE IDIOMA UNIVERSIDAD PACIFICO,IDIOMA,2012 - 2012
PARTIDO POLITICO ORDEN,CONGRESISTA,JOSE EFRAIN,GONGORA QUINTANILLA,Instituto de Sistemas Cusco,Analista de Sistemas,2005 - 2005
PARTIDO POLITICO ORDEN,CONGRESISTA,JOSE EFRAIN,GONGORA QUINTANILLA,SENATI,Computación,2014 - 2014
PARTIDO POLITICO ORDEN,CONGRESISTA,JOSE FERNANDO,FEBRES SERRON,Aeroclub de Collique,Piloto Civil,1985 - 1986
PARTIDO POLITICO ORDEN,CONGRESISTA,JUAN BENITO,VALENCIA VARGAS,Escuela Militar de Chorrillos - Oficiales,Infantería,1969 - 1972
PARTIDO POLITICO ORDEN,CONGRESISTA,KARELYN KELLY,PASTOR BECERRA,INSTITUTO SUPERIOR TECNOLOGICO FAUSTINO B. FRANCO ,TECNICO ENFERMERA ,2001 - 2003
PARTIDO POLITICO ORDEN,CONGRESISTA,LUCINDA VIRGINIA,QUIROZ DE LA CRUZ,MINISTERIO DE EDUCACIÓN ,SERIGRAFIA ,1994 - 1994
PARTIDO POLITICO ORDEN,CONGRESISTA,LUCINDA VIRGINIA,QUIROZ DE LA CRUZ,CESCA,SECRETARIO EJECUTIVO COMPUTARIZADO ,1989 - 1990
PARTIDO POLITICO ORDEN,CONGRESISTA,LUISA ALEXANDRA,AYALA MARQUEZ,INSTITUTO DE FORMACIÓN BANCARIA,BANCA Y FINANZAS,2013 - 2015
PARTIDO POLITICO ORDEN,CONGRESISTA,LUISA ALEXANDRA,AYALA MARQUEZ,SISE ,OFFICE WORD,2011 - 0
PARTIDO POLITICO ORDEN,CONGRESISTA,MARCELINO WALTER,MARQUINA SALGUERO,C.E. ANTONIO PINILLA,DINAMICA DE LA GESTION EMPRESARIAL,1967 - 1968
PARTIDO POLITICO ORDEN,CONGRESISTA,MARCO ANTONIO,CABRERA HUAMAN,Colegio Ingenieros del Perú Consejo Departamental de La Libertad,Capacitación en Instalación de Redes de Gas Natural (Certificación IG3),2015 - 2015
PARTIDO POLITICO ORDEN,CONGRESISTA,MARCO ANTONIO,RUIZ ONTON,XXXX,XXXX,2016 - 2016
PARTIDO POLITICO ORDEN,CONGRESISTA,MARCO ANTONIO,CABRERA HUAMAN,COLEGIO DE INGENIEROS DEL PERÚ,"DIPLOMADO ""DISEÑO DE CONSTRUCCIÓN DE ESTRUCTURAS METALICAS",2008 - 2009
PARTIDO POLITICO ORDEN,CONGRESISTA,MARCO ANTONIO,CABRERA HUAMAN,COLEGIO DE INGENIEROS DEL PERÚ - CONSEJO DEPARTAMENTAL LA LIBERTAD,"ORGANIZADOR DE LA SEMANA: CAPITULAR  DE LA INGENIERIA MECANICA , ELECTRICA, MECATRÓNICA  DEL CIP",2008 - 2008
PARTIDO POLITICO ORDEN,CONGRESISTA,MARIA ELIZABETH,CASTRO JIMENEZ,Obispo Calienes,Educación,1971 - 1972
PARTIDO POLITICO ORDEN,CONGRESISTA,MARTIN,RAMOS GOMEZ,Instituto Superior Tecnológico JAE,Electricidad ,1981 - 1984
PARTIDO POLITICO ORDEN,CONGRESISTA,MIGUEL ELADIO,STUART PANDO,Escuela De Aviación Civil Del Perú “EDACI”,Curso Piloto ,1978 - 0
PARTIDO POLITICO ORDEN,CONGRESISTA,MIGUEL ELADIO,STUART PANDO,Pedro Paulet Mostajo,Mecánica Aeronáutica,1976 - 1978
PARTIDO POLITICO ORDEN,CONGRESISTA,NANCY SONIA,RIVAS MEJIA,Instituto Técnico Amauta,Marketing y Atención De servicio al Cliente,2007 - 2007
PARTIDO POLITICO ORDEN,CONGRESISTA,SATURDINO,BRAN AGUILAR,Centro de Especialización de la Fuerza Aérea del Perú (CEFAP),Meteorología,1975 - 1977
PARTIDO POLITICO ORDEN,CONGRESISTA,SATURDINO,BRAN AGUILAR,PONTIFICIA UNIVERSIDAD CATÓLICA DEL PERU,CURSO DE ACTUALIZACION EN DERECHO AMBIENTAL COMPARADO Y DESARROLLO SOSTENIBLE,2006 - 2006
PARTIDO POLITICO ORDEN,CONGRESISTA,SONIA BEATRIZ,SELLERICO MACEDO,Instituto Superior Pedagógico Puno,Educación Inicial ,1994 - 1998
PARTIDO POLITICO ORDEN,CONGRESISTA,VICTZEN JULIAN,VERGARAY ARANDA,CENTRO DE IDIOMAS UNASAM,INGLES,2000 - 0
PARTIDO POLITICO ORDEN,CONGRESISTA,VICTZEN JULIAN,VERGARAY ARANDA,SENATI,MECANICA,1993 - 2000
PARTIDO POLITICO ORDEN,CONGRESISTA,ZOILA ROSA,CARMONA LOZADA DE MUÑOZ,"CENTRO DE FORMACIÓN Y CAPACITACIÓN DE CONCILIADORES EXTRAJUDICIALES ""AVENDAÑO-SEDE LIMA""  ",CONCILIACIÓN ,2014 - 2015
PARTIDO POLITICO ORDEN,CONGRESISTA,ZOILA ROSA,CARMONA LOZADA DE MUÑOZ,INSTITUTO SUPERIOR TECNOLÓGICO MAGATRONIC ,PERIODISMO,2009 - 2011
PERU LIBERTARIO,CONGRESISTA,ALEJANDRO,ESQUIVEL PEREZ,"I.S.P.P ""LORETO""",EDUCACION SECUNDARIA ,1990 - 1994
PERU LIBERTARIO,CONGRESISTA,ALEJANDRO,ESQUIVEL PEREZ,IESTPLORETO ,EDUCACION SECUNDARIA ,1990 - 1994
PERU LIBERTARIO,CONGRESISTA,BISMARK ROKOV,CARRANZA SOTO,ASOC ARTISTICA UNIDOS POR EL PERU,COMUNICACION,1988 - 1990
PERU LIBERTARIO,CONGRESISTA,CARMEN ROSA,HUIDOBRO ESPINOZA,ESEP SIMON BOLIVAR,PETROLEO,1976 - 1978
PERU LIBERTARIO,CONGRESISTA,DORIS ELIDA,ZAPATA AGUIRRE,As. Peruana CC.JJ. y Conciliación,Conciliadores Extrajudiciales,2012 - 2012
PERU LIBERTARIO,CONGRESISTA,EDELY JANETH,ANTONIO TREJO,JHN LOGIE BORIND,CIENCIAS DE LA COMUNICACION,1999 - 2001
PERU LIBERTARIO,CONGRESISTA,EDELY JANETH,ANTONIO TREJO,IMAGEN INSTITUCIONAÑ,INICTEL,2006 - 0
PERU LIBERTARIO,CONGRESISTA,EDITHLUZ IRENE,CASTRO MUÑOZ,COFIDE,GESTION EMPRESARIAL-MYPE,2014 - 0
PERU LIBERTARIO,CONGRESISTA,EDITHLUZ IRENE,CASTRO MUÑOZ,ESCUELA DE GASTRONOMIA HOWKINGS,GASTRONOMIA,2009 - 2011
PERU LIBERTARIO,CONGRESISTA,ELENA ELIZABETH,POMACHE LEON,ESCUELA TECNICA DE ADMINISTRACION,CONTABILIDAD EMPRESARIAL,1985 - 1987
PERU LIBERTARIO,CONGRESISTA,FLOR XUXA,TOCTO CALDERON,EDUCUOP,COMPUTACION E INFORMATICA,2007 - 2009
PERU LIBERTARIO,CONGRESISTA,GUSTAVO DACIO,ESPINOZA SOTO,CIMPIP,INVESTIGACIÓN CRIMINAL,1977 - 1977
PERU LIBERTARIO,CONGRESISTA,HERIBERTO,GOMEZ SANCHEZ,ISPP VICTOR A. BELAUNDE,PROFESOR DE SECUNDARIA,1990 - 1995
PERU LIBERTARIO,CONGRESISTA,HERIBERTO,GOMEZ SANCHEZ,UN PEDRO RUIZ GALLO,PEDAGOGIA,2005 - 2007
PERU LIBERTARIO,CONGRESISTA,ISAAC,MITA ALANOCA,ESEP VIGIL,ELECTRICIDAD Y ELECTRONICA,1984 - 1986
PERU LIBERTARIO,CONGRESISTA,JOSE LITO,HUAMAN VEGA,I.S.T. ISMA,ENFERMERIA TECNICA,1996 - 1997
PERU LIBERTARIO,CONGRESISTA,LARIZA POLINA,ROJAS ROJAS ,CIMAS,TECNICO EN COMPUTACION,1995 - 1995
PERU LIBERTARIO,CONGRESISTA,LARIZA POLINA,ROJAS ROJAS ,IPAE,INFORMATICA PARA SECRETARIAS,1997 - 1997
PERU LIBERTARIO,CONGRESISTA,LENA GERALDINE,MONTES BRIGGS,UNIV. LA CANTUTA,RELACIONES PUBLICAS,2001 - 2001
PERU LIBERTARIO,CONGRESISTA,LINDA SANDRA,CROSBY LOPEZ,MICROSHIP,COMPUTACION,1989 - 0
PERU LIBERTARIO,CONGRESISTA,LINDA SANDRA,CROSBY LOPEZ,ICPNA,INGLES,1987 - 1989
PERU LIBERTARIO,CONGRESISTA,MARCELA ROCIO,SALDARRIAGA ORTIZ,"INSTITUTO SUPERIOR ""SAN IGNACIO DE LOYOLA""",WINDOWS-98,1999 - 1999
PERU LIBERTARIO,CONGRESISTA,MARCELA ROCIO,SALDARRIAGA ORTIZ,ADV.PERU,ACTUALIZACION SECRETARIA EJECUTIVA,1980 - 1980
PERU LIBERTARIO,CONGRESISTA,MARCELA ROCIO,SALDARRIAGA ORTIZ,V.SAN MARTIN DE PORRES,SICIOLOGIA,1981 - 1981
PERU LIBERTARIO,CONGRESISTA,NOEMI FLORABEL,PACCONCCA PEREZ,SIDEX,COMPUTACION,2002 - 2005
PERU LIBERTARIO,CONGRESISTA,NOEMI FLORABEL,PACCONCCA PEREZ,AUTOCAD,AUTOCAD,2004 - 2005
PERU LIBERTARIO,CONGRESISTA,NORMA,ZORRILLA QUISPE,CETPRO PEDRO PAULET,COMPUTACION E INFORMATICA,2010 - 2012
PERU LIBERTARIO,CONGRESISTA,NORMA,ZORRILLA QUISPE,CENTRO DE IDIOMAS DE LA UNIVERSIDAD NACIONAL DE HUANCAVELICA,INGLES,2010 - 2011
PERU LIBERTARIO,CONGRESISTA,PEDRO WANGER,CARI RODRIGUEZ,COMPUTACION E INFORMATICA,DIGITACION OFIMATICA,2013 - 2013
PERU LIBERTARIO,CONGRESISTA,PEDRO WANGER,CARI RODRIGUEZ,"I.S.T.P. ""AMERICANA""",PORTUGUES,2012 - 2012
PERU LIBERTARIO,CONGRESISTA,PORFIRIO,VELIZ SALAS,POLITECNICO INDUSTRIAL LOS ANDES,MECANICA GENERAL,1962 - 1967
PERU LIBERTARIO,CONGRESISTA,ROSA GLADYS,ORIHUELA RUIZ,INSTITUTO ALFREDO NOBEL,SECRETARIADO EJECUTIVO COMPÚTARIZADO,2002 - 2004
PERU LIBERTARIO,CONGRESISTA,ROXANA,GODOY ESCALANTE,I.S.T. TUPAC AMARU,GUIA OFICIAL DE TURISMO,1993 - 1994
PERU LIBERTARIO,CONGRESISTA,ROXANA MARCELA,VILELA MORAN,I.S.T.P. OTTO TOWSMAN,ENFERMERIA TECNICA,2002 - 2004
PERU LIBERTARIO,CONGRESISTA,ROXANA MARCELA,VILELA MORAN,I.S.T.P OTTO TONSMAN,ENFERMERIA TECNICA,1994 - 1997
PERU LIBERTARIO,CONGRESISTA,SUSANA,VEGA SUDARIO,MINISTERIO DE JUSTICIA,DERECHOS HUMANOS,2015 - 0
PERU LIBERTARIO,CONGRESISTA,SUSANA,VEGA SUDARIO,EX CELSIOR,FORMACION DE CONCILIADORES JUDICIALES,2015 - 2015
PERU LIBERTARIO,CONGRESISTA,SUSANA SABINA,LLACSA CCARITA,I.P.C. SANTA MARIA,CONTABILIDAD,1978 - 1979
PERU LIBERTARIO,CONGRESISTA,SUSANA SABINA,LLACSA CCARITA,"I.P. COMERCIO ""SANTA MARIA""",TAQUI MECANOGRAFIA,1978 - 1978
PERU LIBERTARIO,CONGRESISTA,WENCESLAO,HOLGUIN CUTE,CETPRO ESPINAR,BASICO - INTERMEDIO,2007 - 2007
PERU LIBERTARIO,PRIMER VICEPRESIDENTE DE LA REPUBLICA,JORGE LUIS,PAREDES TERRY,I.S.P TAYABAMBA,PROFESOR EN EDUCACION PRIMARIA,1993 - 1997
PERU NACION,CONGRESISTA,ALEJANDRO,VILLANUEVA BOLAÑOS,SENATI,Gerencia en Pequeña Empresa,1991 - 1991
PERU NACION,CONGRESISTA,ANA MARIELA,MUÑIZ PRIETO,IDDE,ENTRENADORA DE NATACION,1998 - 0
PERU NACION,CONGRESISTA,ANA MARIELA,MUÑIZ PRIETO,LEONIDAS YEROVI,CIENCIAS PUBLICITARIAS,1991 - 1992
PERU NACION,CONGRESISTA,CAMILO SERGIO RENATO,RIVERA ARROYO,Centro de Instruccion Tecnica Naval,Radio Operadores,1971 - 1972
PERU NACION,CONGRESISTA,CAMILO SERGIO RENATO,RIVERA ARROYO,Centro de Instruccion Tecnica Naval,Escuela Basica,1959 - 1959
PERU NACION,CONGRESISTA,CAMILO SERGIO RENATO,RIVERA ARROYO,Centro de Instruccion Tecnica Naval ,Radio Comunicaciones ,1971 - 0
PERU NACION,CONGRESISTA,CARLOS EMIGDIO,CUBAS SILVA,ESCUELA MIKLITAR DE CHORRILLOS,CIENCIAS MILITARES,1967 - 1970
PERU NACION,CONGRESISTA,CARLOS EMIGDIO,CUBAS SILVA,ESCUELA MILITAR DE CHORRILLOS,CIENCIAS MILITARES,1967 - 0
PERU NACION,CONGRESISTA,ENRIQUE FRANCISCO,SARMIENTO LOYOLA,Universidad Nacional Mayor de San Marcos,Auxiliar de Despacho Aduanero,2010 - 2010
PERU NACION,CONGRESISTA,ENRIQUE FRANCISCO,SARMIENTO LOYOLA,Taller de Armando Robles Godoy,Cinematografía y Televisión,1988 - 1989
PERU NACION,CONGRESISTA,ERICKA JUANA,MARTINEZ SANCHEZ,Instituto superior tecnologico Naranjillo,Tecnica en laboratorio clinico,2007 - 2009
PERU NACION,CONGRESISTA,GUILIANA RAQUEL,ZUÑIGA GOTUZZO,Cimas,Secretatiado ,1998 - 1999
PERU NACION,CONGRESISTA,JEANETH MARIA,HERRERA GONZALEZ,ASDI,INGLES,2004 - 2005
PERU NACION,CONGRESISTA,JUAN ALEJANDRO,REVERDITTO BARRERA,Centro de entrenamiento Citibank,Realtor-Builders & Dealers Know How,1999 - 1999
PERU NACION,CONGRESISTA,JUAN ALEJANDRO,REVERDITTO BARRERA,Andino Training Center Citibank,Consumer,2000 - 2000
PERU NACION,CONGRESISTA,KARLA JOANNA,QUIÑE IGLESIAS,CEPEBAN,ADMINISTRACION BANCARIA Y FINANCIERA,2007 - 0
PERU NACION,CONGRESISTA,KARLA JOANNA,QUIÑE IGLESIAS,CEPEBAN,CAJERO PROMOTOR DE SERVICIOS FINANCIEROS Y COMERCIALES,2006 - 2006
PERU NACION,CONGRESISTA,KARLA JOANNA,QUIÑE IGLESIAS,IPAE,ADMINISTRACION DE EMPRESAS ,2009 - 0
PERU NACION,CONGRESISTA,LEONCIO GENARO,FLORES KONJA,San Marcos,Especialización de costos industriales,1967 - 1967
PERU NACION,CONGRESISTA,LILIANA CARLOTA,LAMBRUSCHINI REY,UNIVERSIDAD NACIONAL JORGE BASADRE GROHOMAN,INGLÉS,1997 - 0
PERU NACION,CONGRESISTA,LILIANA CARLOTA,LAMBRUSCHINI REY,"UNIVERSIDAD NACIONAL DE EDUCACIÓN ENRIQUE GUZMÁN Y VALLE "" LA CANTUTA""",DIRECCION Y ESTRATEGIAS EN GESTIÓN EDUCACIONAL,2011 - 2011
PERU NACION,CONGRESISTA,LILIANA CARLOTA,LAMBRUSCHINI REY,"UNIVERSIDAD NACIONAL DE EDUCACIÓN ENRIQUE GUZMÁN Y VALLE "" LA CANTUTA""",NEUROCIENCIAS APLICADAS A LA PEDAGOGÍA,2011 - 2011
PERU NACION,CONGRESISTA,LILIANA CARLOTA,LAMBRUSCHINI REY,UNIVERSIDAD NACIONAL JORGE BASADRE GROHOMAN,INGLÉS,1996 - 1996
PERU NACION,CONGRESISTA,LILIANA CARLOTA,LAMBRUSCHINI REY,INSTITUTO CULTURAL PERUANO NORTEAMERICANO,BÁSICO-INTERMEDIO-AVANZADO,1990 - 1995
PERU NACION,CONGRESISTA,LORENA FLORENCIA,CHAVEZ CARMONA DE DE LA CRUZ,CESCA,COMPUTACION,1999 - 1999
PERU NACION,CONGRESISTA,LUIS,CORZO CORZO,ROBERT MORGAN,DATA PROCESING,1982 - 1983
PERU NACION,CONGRESISTA,LUIS,CORZO CORZO,ROBERT MORGAN,INGLES,1983 - 1984
PERU NACION,CONGRESISTA,LUIS EDGAR,PALOMINO CABRERA,ESCUELA NORMAL SUPERIOR CHAMPAGNAT,EDUCACION PRIMARIA,1971 - 1974
PERU NACION,CONGRESISTA,MANUEL CRUZ,CULLAMPE GRANDEZ,CESCA,CONTABILIDAD,1997 - 1998
PERU NACION,CONGRESISTA,MANUEL TEODORO,MACEDO ALTAMIRANO,CENTRO EL BRITANICO,COMPUTACION E INFORMATICA,2004 - 2005
PERU NACION,CONGRESISTA,MARIA RAQUEL,DARG QUIÑONES,San MArtin de Porres,Sabre,2005 - 2005
PERU NACION,CONGRESISTA,MARIANELLA MONICA,FLORES GALINDO,IDIP ABRAHAM VALDELOMAR,INFORMÁTICA Y MICROCOMPUTACION,2004 - 2004
PERU NACION,CONGRESISTA,MARLENE JANET,IGLESIAS GONZALES,CONVENIO UNIVERSIDAD SAN MARTIN Y UNIVERSIDAD NACIONAL MAYOR DE SAN MARCOS,"ADMINISTRADOR DE TURISMO, HOTELES Y RESTAURANTES",1994 - 1996
PERU NACION,CONGRESISTA,MARLENE JANET,IGLESIAS GONZALES,UNIVERSIDAD INCA GARCILASO DE LA VEGA- EXTENSIÒN SOCIAL,COMERCIO INTERNACIONAL,1991 - 1992
PERU NACION,CONGRESISTA,MARLENE JANET,IGLESIAS GONZALES,ASPESIN,ASISTENTE,2011 - 2011
PERU NACION,CONGRESISTA,MARLENE JANET,IGLESIAS GONZALES,ASPESIN,DECODIFICADOR DE LA MEMORIA CELULAR,2011 - 2011
PERU NACION,CONGRESISTA,MARLENE JANET,IGLESIAS GONZALES,INSTITURO SUPERIOR SAN MARTIN DE PORRES,COMUNICADOR AUDIOVISUAL,1996 - 1997
PERU NACION,CONGRESISTA,MARLENE JANET,IGLESIAS GONZALES,ASPESIN,TERAPEUTA FLORAL,2009 - 2010
PERU NACION,CONGRESISTA,MARLENE JANET,IGLESIAS GONZALES,APAEL,LOGOTERAPEUTA,2009 - 2010
PERU NACION,CONGRESISTA,MARLENE JANET,IGLESIAS GONZALES,APAEL,FACILITADOR EN LOGOTERAPIA,2009 - 2009
PERU NACION,CONGRESISTA,MARTIN JAIME,RAMOS LAPA,INSTITUTO DE EDUCACION SUPERIOR TECNOLOGICO PUBLICO DE HUANCAVELICA,COMPUTACION E INFORMATICA,1999 - 2001
PERU NACION,CONGRESISTA,MOISES,ARISTA ESTACIO,Colegio Nacional Agropecuario INA - 57,Agropecuaria Tecnica,1972 - 1976
PERU NACION,CONGRESISTA,RICHAR,CHAVEZ VARGAS,ESCUELA TÉCNICA SUPERIOR DE POLICIA,POLICÍA NACIONAL DEL PERU,1989 - 1990
PERU NACION,CONGRESISTA,SERGIO MANUEL,LOZANO ACHO,ESCUELA DE AVIACION CIVIL FAP,PILOTAJE PRIVADO,1997 - 1998
PERU NACION,CONGRESISTA,VEANEY,CORDOVA FERNANDEZ,INSTITUTO TECNOLÓGICO DE HUANCAVELICA ,COMPUTACION,1999 - 2000
PERU NACION,CONGRESISTA,WILBERTA JOSEFA,TACORA CRUZ,I.S.T.P JULI,ADMINISTRACIÓN ,2003 - 2005
PERU PATRIA SEGURA,CONGRESISTA,ALEJO WILTON,SANCHEZ ROSSELL,CESIRED - IPD,Estudios de Docencia,1979 - 1982
PERU PATRIA SEGURA,CONGRESISTA,BETTY ORMENCINDA,NUÑEZ DIAZ,INSTITUTO TECNICO SUPERIOR PARTICULAR,ESTUDIOS CONCLUIDOS,1978 - 1981
PERU PATRIA SEGURA,CONGRESISTA,CAROLL JANET,PEREZ AROSTEGUI,Instituo Tecnologico Manuel Arevalo Caceres,Computacion e Informatica,1990 - 1994
PERU PATRIA SEGURA,CONGRESISTA,CECILIA,PARI SILVA SANTISTEBAN,C. No Estatal de Educación Ocupacional AMAUTA,Secretaría Ejecutiva Español,1989 - 1989
PERU PATRIA SEGURA,CONGRESISTA,DIANA VANESSA,MUCHA LUCAS,"Microsoft WORD, Excel, Power Point, Project",Office Intermedio,2015 - 2015
PERU PATRIA SEGURA,CONGRESISTA,EDUARDO AGUSTIN,FEIJOO INFANTES,ACADEMIA DE CIENCIAS DE DEPORTES,MUSCULACION DEPORTIVA,1996 - 1996
PERU PATRIA SEGURA,CONGRESISTA,EDUARDO AGUSTIN,FEIJOO INFANTES,ESCUELA DE AVIACION FAUCETT,AUXILIAR DE ABORDO,1995 - 1995
PERU PATRIA SEGURA,CONGRESISTA,EDUARDO AGUSTIN,FEIJOO INFANTES,CENTRO DE ESTUDIOS COLUMBIA,AUXILIAR DE ABORDO,1992 - 1992
PERU PATRIA SEGURA,CONGRESISTA,FERNANDO VICTOR,MACEDO MERCADO,ESEP PILOTO DE SIRDERPERU,ADMINISTRACION DE EMPRESAS,1978 - 1980
PERU PATRIA SEGURA,CONGRESISTA,GERMAN,NARRO CABEZAS,"Instituto Superior ""Chan Chan""",Laboratorista,1975 - 1977
PERU PATRIA SEGURA,CONGRESISTA,JULIO ELIAS,LANDERAS AVILA,Instituto Superior de Periodismo y Relaciones Públicas,Periodismo y Relaciones Públicas,1975 - 1978
PERU PATRIA SEGURA,CONGRESISTA,NANCY AIDEE,ABANTO ZAMORA,CENECAPE Belén,Secretariado Ejecutivo,1981 - 1981
PERU PATRIA SEGURA,CONGRESISTA,ROSA ELVIRA,MONTERO RICKARD,IDAT,SECRETARIADO,1990 - 1990
PERU PATRIA SEGURA,CONGRESISTA,SILVIO,ANGULO MEDRANO,Estado de Florida,Ingles,1992 - 1996
PERU PATRIA SEGURA,CONGRESISTA,TILER NIRO,MANRIQUE PRADO,ESCUELA DE TRANSMISIONES DEL EJERCITO,COMUNICACIONES,1965 - 1967
PERU PATRIA SEGURA,CONGRESISTA,VICTOR HUGO DANIEL,MANCHEGO LIÑAN,IST. CEPEA,GUIA OFICIAL DE TURISMO ,2007 - 2010
PERU PATRIA SEGURA,CONGRESISTA,VICTOR HUGO DANIEL,MANCHEGO LIÑAN,IST. CESCA ,ENSAMBLAJE DE COMPUTADORAS ,2004 - 2005
PERU POSIBLE,CONGRESISTA,ANA ROSARIO,QUIROZ CASTAÑEDA ,INST.TECNICO SUPERIOR PARTICULAR DE RELACIONES PUBLICAS E INDUSTRIALES,RELACIONES INDUSTRIALES,1977 - 1981
PERU POSIBLE,CONGRESISTA,ANDRE XAVIER ANTONIO,ROMERO SANCHEZ,UNIVERSIDAD GEORGE WASHINTON ,CAMPAÑAS ELECTORALES,2010 - 2010
PERU POSIBLE,CONGRESISTA,DELFINA VICTORIA,TORANZO ALFARO ,CENECAPE-ANDRÉS BELLO,AUXILIAR DE CONTABILIDAD Y CONTOMETRIA,1983 - 1984
PERU POSIBLE,CONGRESISTA,DELFINA VICTORIA,TORANZO ALFARO ,C.E.O. NUESTRA SEÑORA DE LOS ANGELES,FISIOTERAPIA,2004 - 2004
PERU POSIBLE,CONGRESISTA,DORA MAXIMILA,RODRIGUEZ CAMPUSANO VDA DE RIVERA,CENTRO DE CAPACITACION DE LIMA,ESCUELA DE CAPACITACION MAGISTERIAL,1968 - 1971
PERU POSIBLE,CONGRESISTA,EDITH FANY,JIMENEZ GARCIA,INSTITUTO BELEN,SECRETARIADO EJECUTIVO,1983 - 1984
PERU POSIBLE,CONGRESISTA,ERIKA ROXANA,HUANCAS RETTEZ,MODERN SYSTEMS,TÉCNICO EN COMPUTACIÓN E INFORMÁTUCA,2002 - 2002
PERU POSIBLE,CONGRESISTA,ERIKA ROXANA,HUANCAS RETTEZ,MODERN SYSTEMS,TÉCNICO EN CONTABILIDAD,2010 - 2012
PERU POSIBLE,CONGRESISTA,EVER SALVADOR,BURGA SERRANO,INSTITUTO SUPERIOR TECNOLOGICO PUBLICO UTCUBAMBA,CONTABILIDAD,2005 - 2006
PERU POSIBLE,CONGRESISTA,GISSELA,ROJAS FERNANDEZ,LABORATORIO CLINICO,I.S.T.P. DANIEL ALCIDES CARRIÓN ,2011 - 2013
PERU POSIBLE,CONGRESISTA,GONZALO,CRUZ ABARCA,CENTRO INSTRUCCIÓN GUARDIA CIVIL (PNP),FORMACIÓN  POLICIAL,1984 - 1985
PERU POSIBLE,CONGRESISTA,GUIDO OCTAVIO,PANTIGOSO MOLINA ,MINISTERIO DE JUSTICIA,CONCILIACION EXTRA JUDICIAL,2012 - 2012
PERU POSIBLE,CONGRESISTA,GUIDO OCTAVIO,PANTIGOSO MOLINA ,MINISTERIO DE JUSTICIA,CONCILIACION EXTRA JUDICIAL,2012 - 2012
PERU POSIBLE,CONGRESISTA,HELGA PAOLA,ELERA PITTA,IDAT,TECNICO EN COMPUTACION,1999 - 2000
PERU POSIBLE,CONGRESISTA,HELGA PAOLA,ELERA PITTA,INSTITUTO SUPERIOR TECNOLOGICO SISTEMAS PERU,PERIODISMO RADIAL Y TELEVISIVO,2003 - 2005
PERU POSIBLE,CONGRESISTA,IVAN PAOLO,MONTALVO INOCENTE,A,EXPORTACIÓN,2000 - 2001
PERU POSIBLE,CONGRESISTA,IVAN PAOLO,MONTALVO INOCENTE,SIDEM,CONTABILIDAD,1999 - 2000
PERU POSIBLE,CONGRESISTA,JOSE LEONCIO,CASTAÑEDA ESPEJO,POLITÉCNICO MARCIAL ACHARAN,ELECTRICIDAD,1973 - 1977
PERU POSIBLE,CONGRESISTA,JUANA,MAMANI CALSIN,"Instituto Superior Pedagogico Tecnico ""Jose Antonio Encinas""",Agropecuaria,1994 - 1997
PERU POSIBLE,CONGRESISTA,KARLA MAGNOLIA,MAMANI VERIA,ABACO,MICROSOFT OFFICE ,2003 - 2003
PERU POSIBLE,CONGRESISTA,KARLA MAGNOLIA,MAMANI VERIA,ABACO,COMPUTACION E INFORMATICA,2003 - 2003
PERU POSIBLE,CONGRESISTA,LUIS FERNANDO,DEZA COASACA ,I.S.T PEDRO VILCAPAZA,ENFERMERÍA TÉCNICA ,1989 - 1993
PERU POSIBLE,CONGRESISTA,MARIA AZUCENA,ALEGRIA ROMAN ,CENTRO DE IDIOMAS U.N. FEDERICO VILLARREAL,INGLES BASICO X,2009 - 2010
PERU POSIBLE,CONGRESISTA,MARIA AZUCENA,ALEGRIA ROMAN ,UNIVERSIDAD DE INGENIERIA,----,2008 - 2008
PERU POSIBLE,CONGRESISTA,MARY DEL CARMEN,URRUNAGA BERRIOS ,I.S.P OCTAVIO MATTA CONTRERAS,EDUCACION FISICA,1992 - 1997
PERU POSIBLE,CONGRESISTA,MILAGRITOS DE JESUS,TONG ALVARADO,ESCUELA SUPERIOR DE ARTE IGNACIO MERINO,artes plasticas,1987 - 1992
PERU POSIBLE,CONGRESISTA,MILAGROS ESTEFANIA,RODRIGUEZ CORNEJO,ESCUELA DE GERENCIA PÚBLICA,PROPUESTA DE REFORMA DEL ESTADO,2015 - 2015
PERU POSIBLE,CONGRESISTA,MILAGROS ESTEFANIA,RODRIGUEZ CORNEJO,I.S.T SABIO NACIONAL ANTUNEZ DE MAYOLO,CONTABILIDAD,2013 - 2013
PERU POSIBLE,CONGRESISTA,MILAGROS ESTEFANIA,RODRIGUEZ CORNEJO,INSTITUTO PERUANO DE ADMINISTRACIÓN DE EMPRESAS,ADMINISTRACIÓN DE RECURSOS HUMANOS,2006 - 2007
PERU POSIBLE,CONGRESISTA,MILAGROS JANET,GUZMAN SOTO,CEO SANTA FORTUNATA,OPERADOR DE SISTEMAS,1996 - 0
PERU POSIBLE,CONGRESISTA,MILAGROS JANET,GUZMAN SOTO,INT. FELIPE HUAMAN POMA DE AYALA,TEC. CONTABILIDAD,1988 - 1990
PERU POSIBLE,CONGRESISTA,MIRTA ISABEL,VELASQUEZ CHUMAN,I.S.T ENRIQUE LÓPEZ ALBÚJAR,TÉCNICO CONSTRUCCIÓN CIVIL,1986 - 1988
PERU POSIBLE,CONGRESISTA,NANCY IDALIA,GIL VILLANUEVA ,IDEP-,GESTION DE PROYECTOS DE INCLUSION Y DESARROLLO SOCIAL,2015 - 0
PERU POSIBLE,CONGRESISTA,PATRICIA ISABEL,DEL AGUILA GERBI,SANTIAGON ANTUNEZ DE MAYOLO,ADMINISTRACION,1983 - 1983
PERU POSIBLE,CONGRESISTA,RENNAN SAMUEL,ESPINOZA ROSALES ,IPAE,ADMINISTRACION,1995 - 1995
PERU POSIBLE,CONGRESISTA,ROBERTO ANTONIO,CASTRO MEZONES,I.S.T.P. san isidro de piura,administracion bancaria,1996 - 1999
PERU POSIBLE,CONGRESISTA,ROXANA JANET,DEL CARPIO RAMIREZ VDA DE LEON,ESAE,ADMINISTRACION,1985 - 1985
PERU POSIBLE,CONGRESISTA,SILVIA,BARRERA VASQUEZ ,COMPUTRONIC TECH,COMPUTACION E INFORMATICA,1995 - 1998
PERU POSIBLE,CONGRESISTA,TERESA ETELBINA,ALAGON JAUREGUI,EL PORVENIR ,TENEDOR DEL LIBROS ,1974 - 1974
PERU POSIBLE,CONGRESISTA,WILDA LIZETH,PITOY CHAVEZ,I.S.T. APARICIO POMARES,INDUSTRIAS ALIMENTARIAS ,1999 - 2000
PERU POSIBLE,CONGRESISTA,WILDA LIZETH,PITOY CHAVEZ,I.S.T.P. MANUEL AREVALO ,INDUSTRIAS ALIMENTARIAS,2001 - 2001
PERU POSIBLE,CONGRESISTA,YVAN SEGUNDINO,HERNANDEZ CARRASCO,CITEC DEL NORTE,OPERADOR EN WINDOWS,1998 - 1998
PERUANOS POR EL KAMBIO,CONGRESISTA,ABACINIAS ELCIAS,ROMAN PALACIN,DISEÑO,I.S.T. SAN JUAN BOSCO,2010 - 0
PERUANOS POR EL KAMBIO,CONGRESISTA,ABACINIAS ELCIAS,ROMAN PALACIN,COMPUTRON,COMPUTACION,2004 - 2005
PERUANOS POR EL KAMBIO,CONGRESISTA,ABEL GRIMER,BULNES ROJAS,CITEN,RADIO - OPERADOR,1981 - 1982
PERUANOS POR EL KAMBIO,CONGRESISTA,ANYELA MACARENA,CUETO MAMANI,NEUMAN BUSSINES SCHOOL,ADMINISTRACION DE NEGOCIOS INTERNACIONALES,2005 - 2007
PERUANOS POR EL KAMBIO,CONGRESISTA,CARMEN GEORGINA,DUARTE PATIÑO DE PEZET,EL CLUB TALLER DE ARTE,TALLER DE LOCUCION RADIAL,1983 - 1983
PERUANOS POR EL KAMBIO,CONGRESISTA,CARMEN GEORGINA,DUARTE PATIÑO DE PEZET,ACADEMIA MARGARITA CABRERA MANZUR,SECRETARIADO,1973 - 1974
PERUANOS POR EL KAMBIO,CONGRESISTA,CARMEN RAQUEL,NUÑEZ RENGIFO,SERAFIN FILOMENO,TECNICO EN SALUD,1987 - 1988
PERUANOS POR EL KAMBIO,CONGRESISTA,DONATO,DIAZ AYALA,INSTITUTO DE TECNICAS AMERICANAS,MECANOGRAFIA,1972 - 1973
PERUANOS POR EL KAMBIO,CONGRESISTA,FLOR MARISOL,BOCANEGRA URTECHO,INST. SUPEC. TEC. DEL NORTE,CIENCIAS DE LA COMUNICACIÓN,1990 - 1992
PERUANOS POR EL KAMBIO,CONGRESISTA,GIOCONDA ROSALBA,TRIPI MORALES,CENTRO DE IDIOMAS WISON,SECRETARIADO O EJECUTIVO,1976 - 1976
PERUANOS POR EL KAMBIO,CONGRESISTA,GLORIA,CASTILLO VALVERDE,El Porvenir,Sectretariado ejecutivo,1989 - 1990
PERUANOS POR EL KAMBIO,CONGRESISTA,HERLESS,LAUREANO MAURICIO,CONTINENTAL,COMERCIO EXTERIOR,2000 - 2000
PERUANOS POR EL KAMBIO,CONGRESISTA,IVAN ADOLFO,CARRANZA SAUCEDO,ASOCIACION PERUANA DE CIENCIAS JURIDICAS Y CONCILIACION APPEC,FORMACION DE CONSILIADORES,2000 - 2001
PERUANOS POR EL KAMBIO,CONGRESISTA,IVAN ADOLFO,CARRANZA SAUCEDO,INSTITUTO DE EDUCACION SUPERIOR DE INVESTIGACION Y DESARROLLO IDAT,TECNICO EN COMPUTACION ,2008 - 2009
PERUANOS POR EL KAMBIO,CONGRESISTA,JANET EMILIA,SANCHEZ ALVA,I.S.T.P ARGENTINA,TECNICO EN CONTABILIDAD,1993 - 1995
PERUANOS POR EL KAMBIO,CONGRESISTA,JORGE WILSON,RIOS PEZO,CENTRO DE INSTRUCCION GUARDIA CIVIL,GUARDIA CIVIL,1975 - 1975
PERUANOS POR EL KAMBIO,CONGRESISTA,JORGE WILSON,RIOS PEZO,ALFONSO HUAPAYA CABRERA,DIRECCION TECNICO EN FUTBOL,2005 - 2007
PERUANOS POR EL KAMBIO,CONGRESISTA,LIDIA GUMERCINDA,PRADO CARITAS,INDIFOR UNSCH,INFORMATICA,2004 - 2005
PERUANOS POR EL KAMBIO,CONGRESISTA,LIDIA GUMERCINDA,PRADO CARITAS,INDIFOR UNSCH,INGLES BASICO AVANZADO,2004 - 2005
PERUANOS POR EL KAMBIO,CONGRESISTA,MARCIAL GIANCARLO JESUS,CONTRERAS SALAZAR,ISTECEX- ADEX,ADMINISTRACION DE NEGOCIOS INTERNACIONALES,1993 - 1996
PERUANOS POR EL KAMBIO,CONGRESISTA,MARIA DEL PILAR,TORRES LEVANO,ICPNA,SECRETARIADO COMERCIAL ICPNA,1976 - 1976
PERUANOS POR EL KAMBIO,CONGRESISTA,MARIA SANTOS,VASQUEZ RAFAEL,INSTITUTO DE TEOLOGIA PASTORAL SAN MARTIN,TEOLOGIA ,2009 - 2010
PERUANOS POR EL KAMBIO,CONGRESISTA,MIRIAM,CHILCON SILVA,ALTOS ESTUDIOS (CAEPE),CAEPE,2010 - 2010
PERUANOS POR EL KAMBIO,CONGRESISTA,MIRIAM,CHILCON SILVA,CAEN,ADMINISTRACION,2009 - 2009
PERUANOS POR EL KAMBIO,CONGRESISTA,MOISES BARTOLOME,GUIA PIANTO,I.S.T. PRIVADO ESEFUL,TECNICO DE FUTBOL,2008 - 2010
PERUANOS POR EL KAMBIO,CONGRESISTA,MOISES BARTOLOME,GUIA PIANTO,I.S.T. SANTIAGO ANTUNEZ DE MAYOLO ,TECNICO CONTABILIDAD,1988 - 1990
PERUANOS POR EL KAMBIO,CONGRESISTA,PERPETUA,TACA YANA,UNITED STATES AGENCY FOR INTERNATIONAL DEVELOPMENT,MANEJO DE MICROEMPRESAS,1988 - 1988
PERUANOS POR EL KAMBIO,CONGRESISTA,PERPETUA,TACA YANA,EL PASO COMMUNITY COLLEGE,GESTION DE PEQUEÑAS EMPRESAS DESARROLLO COMUNITARIO Y LIDERAZGO,1988 - 1988
PERUANOS POR EL KAMBIO,CONGRESISTA,RAFAEL,VARGAS MALAGA,CENTROS ACADEMICOS DE ADEX,COMERCIO EXTERIOR,2001 - 2001
PERUANOS POR EL KAMBIO,CONGRESISTA,RICHARD HERCELLES,NEIRA COLMENARES,CAJA PIURA,MICROFINANZAS,2010 - 2010
PERUANOS POR EL KAMBIO,CONGRESISTA,RICHARD HERCELLES,NEIRA COLMENARES,ABACO,DIPLOMADO EN EXCEL,2009 - 2009
PERUANOS POR EL KAMBIO,CONGRESISTA,ROBERTO GAMANIEL,VIEIRA PORTUGAL ,TOULOUSE LAUTREC MIRAFLORES,PUBLICIDAD,1988 - 1989
PERUANOS POR EL KAMBIO,CONGRESISTA,ROBERTO GAMANIEL,VIEIRA PORTUGAL ,INSTITUTO SAN IGNACIO DE LOYOLA,ADMINISTRACION,1997 - 1998
PERUANOS POR EL KAMBIO,CONGRESISTA,ROCIO,VILLANUEVA MUÑOZ,CETPRO CAJAMARCA,SECRETARIADO EJECUTIVO,2006 - 2006
PERUANOS POR EL KAMBIO,CONGRESISTA,ROSINA LUCI,RIVAS ALLAUCA,CICEX,INGLES BASICO,2001 - 2002
PERUANOS POR EL KAMBIO,CONGRESISTA,SHIRLEY MARGOT,REVOLLAR CACERES,INSTITUTO ELA,SECRETARIADO ,1985 - 1986
PERUANOS POR EL KAMBIO,CONGRESISTA,SHIRLEY MARGOT,REVOLLAR CACERES,INSTITUTO ELA ,COMERCIO EXTERIOR,1986 - 1986
PERUANOS POR EL KAMBIO,CONGRESISTA,TERESA,HUARCA LOPEZ,I.E.P. “ESCUELAS AMERICANAS”,SECRETARIA IBM,1989 - 1990
PERUANOS POR EL KAMBIO,CONGRESISTA,TERESA,HUARCA LOPEZ,INSTITUTO TECNOLOGICO BANCHERO ROSI,COMPUTACION,1988 - 1989
PERUANOS POR EL KAMBIO,CONGRESISTA,TERESA,HUARCA LOPEZ,I.E.P. “ESCUELAS AMERICANAS”,SECRETARIA,1985 - 1987
PROGRESANDO PERU,CONGRESISTA,DIANA,MORI GONZALES DE TOULLEC,INSTITUTO SUPERIOR PEDAGÓGICO BILINGÜE DE YARINACOCHA,LENGUA Y LITERATURA,1995 - 2000
PROGRESANDO PERU,CONGRESISTA,EDDIE WILLIAM,BAZAN CALDERON,UNIVERSIDAD PRIVADA SAN CARLOS,ENSAMBLAJE DE REDES LAN,2012 - 2012
PROGRESANDO PERU,CONGRESISTA,EDIHT FRANCISCA,ALZAMORA AÑASCO,CEO Diego Quispe Tito,Enfermería Tecnica,2003 - 2004
PROGRESANDO PERU,CONGRESISTA,EDIHT FRANCISCA,ALZAMORA AÑASCO,Institución Superior Santa Rosa,Educación Primaria,1985 - 1989
PROGRESANDO PERU,CONGRESISTA,EDIHT FRANCISCA,ALZAMORA AÑASCO,Juan Thomas Tuyro Tupac,Corte y Confección,1986 - 1987
PROGRESANDO PERU,CONGRESISTA,EDIHT FRANCISCA,ALZAMORA AÑASCO,Escuela de Peritos Agrícolas de Urubamba,Bachiller en Ganadería,1975 - 0
PROGRESANDO PERU,CONGRESISTA,EDIHT FRANCISCA,ALZAMORA AÑASCO,CEO Latinoamericano,Carrera Técnica de Administración de servicios Turísticos.,2003 - 0
PROGRESANDO PERU,CONGRESISTA,EDIHT FRANCISCA,ALZAMORA AÑASCO,CENECAPE Anita,Cosmetología,1986 - 0
PROGRESANDO PERU,CONGRESISTA,LARRY,GUTIERREZ GONZALES,INSTITUTO DE FORMACION BANCARIA,CAJEROS,2013 - 2013
PROGRESANDO PERU,CONGRESISTA,LUIS ENRIQUE,MANRIQUE VICENTE,ESCUELA TECNICA DE LA UNP.,SISTEMAS,2013 - 0
PROGRESANDO PERU,CONGRESISTA,LYS GLENY,CASTAÑEDA HERNANDEZ,I:S.T. ''Lima'',Enfermería Técnica,1985 - 1989
PROGRESANDO PERU,CONGRESISTA,MIRTHA ALIDA,ALBORNOZ CAJAS,"Instituto Superior Tecnológico ""Señor de Burgos""",Enfermería,1995 - 1997
PROGRESANDO PERU,CONGRESISTA,NANCY,VICENTE JIMENEZ,CIMAS,NUEVAS TENDENCIAS EN ADMINISTRACION,2008 - 2008
PROGRESANDO PERU,CONGRESISTA,NANCY,VICENTE JIMENEZ,IST SUPERIOR COSMOS,CONTABILIDAD,1987 - 1989
PROGRESANDO PERU,CONGRESISTA,NANCY,VICENTE JIMENEZ,IST SAN FERNANDO,COMPUTACION,2007 - 2007
PROGRESANDO PERU,CONGRESISTA,NANCY DEL PILAR,OLIVERA HUERTA,INSTITUTO GUZMAN BARRON,OBSTETRICIA,1994 - 1994
PROGRESANDO PERU,CONGRESISTA,PATRICIA GERALDINE,CHIRINOS TOVAR,ESCUELA INTERNACIONAL DE GERENCIA (EIGER),COMPUTACIÓN E INFORMATICA,2002 - 2003
PROGRESANDO PERU,CONGRESISTA,PATRICIO ELISBAN,CARI ARAPA,Escuela de Suboficiales ,Primer curso de Capacitacion Grafotecnica,2004 - 2004
PROGRESANDO PERU,CONGRESISTA,RENATO,ESPINOZA YOVERA,TECSUP N 1,ELECTRONICA,2004 - 2006
PROGRESANDO PERU,CONGRESISTA,ROBERT JIMMY,DELGADO SANTA FE,U.N.A Santiago A. Mayolo,Administración de Empresas,2002 - 2002
PROGRESANDO PERU,CONGRESISTA,ROBERT JIMMY,DELGADO SANTA FE,Contabilidad,U.N.A Santiago A Maydo,2006 - 0
PROGRESANDO PERU,CONGRESISTA,TUPAK INTI,WALLPA QESPE,G.U.E Mariano Melgar ,Electrónica,1968 - 1972
PROGRESANDO PERU,CONGRESISTA,YANIRA,CHAMBILLA FLORES,I.S.T. FCO.DE PAULA GONZALES VIGIL,TEC. AGRONOMIA,1999 - 2001
PROGRESANDO PERU,PRESIDENTE DE LA REPUBLICA,MIGUEL WALTER,HILARIO ESCOBAR,YOUTH WITH A MISSION - TEXAS,MISIONES,1990 - 1991
TODOS POR EL PERU,CONGRESISTA,CARLOS LENNIN JESUS,SANCHEZ LOPEZ,Escuela superior de Bellas Artes ''Macedonio de la torre'',Arte,1989 - 2001
TODOS POR EL PERU,CONGRESISTA,CARMEN,FELIPE SOTO,"INSTITUTO PEDAGOGICO ""MARCOS DURAN MARTEL""",EDUCACION,1989 - 1994
TODOS POR EL PERU,CONGRESISTA,CESAR MEDARDO,TORRES VEGA,Colegio Regional Chimbote,Tecnico en electronica,1972 - 1972
TODOS POR EL PERU,CONGRESISTA,CHRISTIAN PAUL,TORPOCO VIVAS,AUPAIR PERU,ALEMAN,2002 - 0
TODOS POR EL PERU,CONGRESISTA,CHRISTIAN PAUL,TORPOCO VIVAS,ICPNA,ingles,2000 - 2002
TODOS POR EL PERU,CONGRESISTA,CRISTINA DORA,RAMOS PRIMO,Instituto Nuestra Señora del Carmen,Técnica en Asistencia Social,1973 - 1976
TODOS POR EL PERU,CONGRESISTA,CYNTIA JAQUELINE,HUAROC ESTEBAN,Instituto Superior Tecnológico José María Arguedas,Enfermería Tecnica,1998 - 2000
TODOS POR EL PERU,CONGRESISTA,FREDI YONI,TARAZONA MILLA,I.S.T.P. Maria Elena Moyano,diseño grafico publicitario,2000 - 2000
TODOS POR EL PERU,CONGRESISTA,GLADYS EVELYN,BAZAN GALLARDO,CENTRO DE ESTUDIOS INFORMÁTICOS DE LA UNIVERSIDAD NACIONAL HERMILIO VALDIZAN  ,OFIMÁTICA EMPRESARIAL ,2010 - 2010
TODOS POR EL PERU,CONGRESISTA,HANS FRANK,HERRERA ZAVALETA,PAUL MULLER,TÉCNICO EN COMPUTACIÓN ,2011 - 2012
TODOS POR EL PERU,CONGRESISTA,HECTOR EDWY,VELA ARICA,INSTITUTO DE ALTOS ESTUDIOS INFORMÁTICOS  MÁSTER THECNICAL,COMPUTACIÓN Y ADMINISTRACIÓN DE SISTEMAS ,1994 - 1994
TODOS POR EL PERU,CONGRESISTA,HECTOR EDWY,VELA ARICA,INSTITUTO SUPERIOR TECNOLÓGICO ALMIRANTE MIGUEL GRAU,CONTABILIDAD,1993 - 1995
TODOS POR EL PERU,CONGRESISTA,IRMA,PANDURO TORRES,Cenecape Sigmund Freud,Cursos de Auxiliar de Enfermeria,1980 - 1980
TODOS POR EL PERU,CONGRESISTA,JOSE LUIS,RAMIREZ JARA,SENATI,Especialista en Mantenimiento de Redes,2008 - 2009
TODOS POR EL PERU,CONGRESISTA,JOSE RICARDO,RACCHUMI DEL MAESTRO,SENATI,MECANICA DE PRECISION ,1989 - 1992
TODOS POR EL PERU,CONGRESISTA,JUANA MAURA,UMASI LLAVE,INSTITUTO TECNOLÓGICO PÚBLICO ESPINAR,TÉCNICO EN ENFERMERÍA,1989 - 1991
TODOS POR EL PERU,CONGRESISTA,JULIA AGUEDA,VALENCIA GRIJALVA,ORACLE,ORACLE DEVELOPER,2013 - 2013
TODOS POR EL PERU,CONGRESISTA,JULIA AGUEDA,VALENCIA GRIJALVA,ORACLE,ORACLE EBS  12 AR,2013 - 0
TODOS POR EL PERU,CONGRESISTA,JULIA AGUEDA,VALENCIA GRIJALVA,PORTAL DE OEA,FINANCIAMIENTO POLITICO,2011 - 2011
TODOS POR EL PERU,CONGRESISTA,JULIA AGUEDA,VALENCIA GRIJALVA,PORTAL DE OEA,FORMACION EN TUTORIA,2010 - 2010
TODOS POR EL PERU,CONGRESISTA,KOKY MARGOT,CHAVEZ ZAMORA,SENATI,MICROSOFT WORD,2015 - 2015
TODOS POR EL PERU,CONGRESISTA,KOKY MARGOT,CHAVEZ ZAMORA,SENATI,EXPERTO EN MICROSOFT EXCEL,2015 - 2015
TODOS POR EL PERU,CONGRESISTA,LEONCIO PEDRO,AMUDIO PEÑA,TECSUP - AREQUIPA,MANTENIMIENTO DE MAQUINARIA PESADA,1997 - 1999
TODOS POR EL PERU,CONGRESISTA,LUIS ENRIQUE,LOZANO ZELADA,INSTITUTO ABACO,OFIMATICA,1997 - 1997
TODOS POR EL PERU,CONGRESISTA,MANUEL ANTONIO,LA SERNA CHICOMA,INEI,WIN OFFICE,1998 - 1998
TODOS POR EL PERU,CONGRESISTA,MANUEL GABRIEL,GALLASTEGUI SABROSO,ECEX - ADEX,EXPERTO COMERCIO EXTERIOR,1984 - 1985
TODOS POR EL PERU,CONGRESISTA,MARIA DEL PILAR,YABAR PAREDES,INSTITUTO TRUJILLO,ENFERMERIA TECNICA,1984 - 1987
TODOS POR EL PERU,CONGRESISTA,MARIA ELENA,VERA CORREA,ADEX,GESTION DEL COMERCIO INTERNACIONAL ,2013 - 2013
TODOS POR EL PERU,CONGRESISTA,MARIA OFELIA,CARPIO ARANDA,Oscar Colombo,Estilista,2012 - 2014
TODOS POR EL PERU,CONGRESISTA,MARIA TERESA,DULANTO GUINEA,ADEX,COMERCIO INTERNACIONAL,2005 - 2006
TODOS POR EL PERU,CONGRESISTA,MARIA TERESA,DULANTO GUINEA,INSTITUTO SUPERIOR TECNOLOGICO MARGARITA CABRERA ,SECRETARIADO EJECUTIVO ,1972 - 1973
TODOS POR EL PERU,CONGRESISTA,MELVIN GRIMALDO,RODRIGUEZ MINCHOLA,CAEN,ADMINISTRACION DE GOBIERNOS LOCALES Y REGIONALES,2010 - 2010
TODOS POR EL PERU,CONGRESISTA,PAUL ANTONIO,SOBRADO NUNTA,Comite Olimpico Peruano,Lucha Olimpica,2012 - 2012
TODOS POR EL PERU,CONGRESISTA,WILLIAMS,AUCCAHUASI ALMIDON,INSTITUTO SUPERIOR TECNOLOGICO DE CHALHUANCA ,MANEJO DE AVES MENORES ,1993 - 1993
